Timestamp,VehicleId,RealSpeed,MeasuredSpeed,OptimalSpeed,PositionX,PositionY,Distance,FuelConsumption,Error
0,4,0,0,90,2,31,60,00,2015,82,1276,57,0,000,1087,4631,1,41
0,5,0,3,46,1,85,60,00,2015,60,1276,56,0,000,1058,6583,1,61
0,8,0,5,62,5,96,60,00,2015,19,1276,55,0,001,1081,1522,0,34
1,1,0,7,77,8,59,60,00,2014,61,1276,53,0,001,1313,0162,0,83
1,4,0,9,12,9,16,60,00,2014,12,1276,51,0,002,1003,4233,0,04
1,6,0,11,65,10,79,60,00,2013,22,1276,48,0,003,1446,3858,0,86
1,9,0,13,37,14,53,60,00,2012,16,1276,44,0,004,1095,7009,1,16
2,2,0,15,55,14,21,60,00,2010,93,1276,40,0,005,1626,9126,1,34
2,5,0,16,81,16,55,60,00,2010,02,1276,37,0,006,1299,3122,0,27
2,7,0,36,00,35,57,60,00,2008,03,1276,30,0,008,38542,5790,0,43
3,0,0,36,00,35,03,60,00,2005,03,1276,19,0,011,582,5100,0,97
3,3,0,36,00,37,11,60,00,2002,03,1276,09,0,014,582,5100,1,11
3,6,0,36,00,37,98,60,00,2000,04,1276,02,0,016,582,5100,1,98
3,8,0,36,00,34,21,60,00,1997,04,1275,91,0,019,582,5100,1,79
4,1,0,36,00,37,71,60,00,1994,04,1275,81,0,022,582,5100,1,71
4,4,0,36,00,36,16,60,00,1991,04,1275,70,0,025,582,5100,0,16
4,7,0,36,00,36,14,60,00,1989,04,1275,63,0,027,582,5100,0,14
4,9,0,36,00,37,25,60,00,1986,04,1275,53,0,030,582,5100,1,25
5,2,0,36,00,36,98,60,00,1983,05,1275,42,0,033,582,5100,0,98
5,5,0,36,00,34,66,60,00,1980,06,1275,17,0,036,582,5100,1,34
5,8,0,36,00,34,25,60,00,1978,08,1274,88,0,038,582,5100,1,75
6,0,0,36,00,35,70,60,00,1975,11,1274,44,0,041,582,5100,0,30
6,3,0,36,00,34,08,60,00,1972,15,1274,00,0,044,582,5100,1,92
6,6,0,36,00,37,61,60,00,1969,18,1273,56,0,047,582,5100,1,61
6,9,0,36,00,36,24,60,00,1967,20,1273,27,0,049,582,5100,0,24
7,1,0,36,00,35,90,60,00,1964,29,1272,55,0,052,582,5100,0,10
7,4,0,36,00,35,84,60,00,1961,38,1271,80,0,055,582,5100,0,16
7,7,0,36,00,36,71,60,00,1958,48,1271,06,0,058,582,5100,0,71
8,0,0,36,00,36,99,60,00,1956,54,1270,56,0,060,582,5100,0,99
8,2,0,36,00,35,72,60,00,1953,63,1269,82,0,063,582,5100,0,28
8,5,0,36,00,37,95,60,00,1950,72,1269,11,0,066,582,5100,1,95
8,8,0,36,00,34,28,60,00,1947,79,1268,46,0,069,582,5100,1,72
9,1,0,36,00,35,21,60,00,1945,83,1268,09,0,071,582,5100,0,79
9,3,0,36,00,34,14,60,00,1942,87,1267,59,0,074,582,5100,1,86
9,6,0,36,00,37,08,60,00,1939,90,1267,17,0,077,582,5100,1,08
9,9,0,36,00,35,87,60,00,1936,93,1266,78,0,080,582,5100,0,13
10,2,0,36,00,34,76,60,00,1934,93,1266,66,0,082,582,5100,1,24
10,4,0,36,00,37,61,60,00,1931,93,1266,57,0,085,582,5100,1,61
10,7,0,36,00,36,02,60,00,1928,93,1266,48,0,088,582,5100,0,02
11,0,0,36,00,34,18,60,00,1925,94,1266,39,0,091,582,5100,1,82
11,3,0,36,00,36,03,60,00,1923,94,1266,33,0,093,582,5100,0,03
11,5,0,36,00,34,44,60,00,1920,94,1266,23,0,096,582,5100,1,56
11,8,0,36,00,36,92,60,00,1917,94,1266,14,0,099,582,5100,0,92
12,1,0,36,00,34,17,60,00,1914,94,1266,05,0,102,582,5100,1,83
12,4,0,36,00,36,05,60,00,1912,94,1265,99,0,104,582,5100,0,05
12,6,0,36,00,36,35,60,00,1909,94,1265,89,0,107,582,5100,0,35
12,9,0,36,00,35,11,60,00,1906,94,1265,80,0,110,582,5100,0,89
13,2,0,36,00,34,63,60,00,1903,95,1265,71,0,113,582,5100,1,37
13,5,0,36,00,36,88,60,00,1901,95,1265,65,0,115,582,5100,0,88
13,7,0,36,00,34,18,60,00,1898,95,1265,47,0,118,582,5100,1,82
14,0,0,36,00,34,80,60,00,1895,96,1265,28,0,121,582,5100,1,20
14,3,0,36,00,37,30,60,00,1892,96,1265,09,0,124,582,5100,1,30
14,6,0,36,00,37,50,60,00,1890,97,1264,96,0,126,582,5100,1,50
14,8,0,36,00,35,31,60,00,1887,97,1264,78,0,129,582,5100,0,69
15,1,0,36,00,35,39,60,00,1884,98,1264,55,0,132,582,5100,0,61
15,4,0,36,00,36,09,60,00,1881,99,1264,27,0,135,582,5100,0,09
15,7,0,36,00,35,22,60,00,1880,00,1264,08,0,137,582,5100,0,78
15,9,0,36,00,34,13,60,00,1877,02,1263,79,0,140,582,5100,1,87
16,2,0,36,00,36,92,60,00,1874,03,1263,51,0,143,582,5100,0,92
16,5,0,36,00,35,08,60,00,1871,04,1263,22,0,146,582,5100,0,92
16,8,0,36,00,36,86,60,00,1869,05,1263,03,0,148,582,5100,0,86
17,0,0,36,00,35,75,60,00,1866,07,1262,74,0,151,582,5100,0,25
17,3,0,36,00,37,89,60,00,1863,08,1262,46,0,154,582,5100,1,89
17,6,0,36,00,37,64,60,00,1860,09,1262,17,0,157,582,5100,1,64
17,9,0,36,00,36,78,60,00,1858,10,1261,98,0,159,582,5100,0,78
18,1,0,36,00,37,36,60,00,1855,12,1261,70,0,162,582,5100,1,36
18,4,0,36,00,37,56,60,00,1852,13,1261,41,0,165,582,5100,1,56
18,7,0,36,00,37,48,60,00,1849,14,1261,17,0,168,582,5100,1,48
19,0,0,36,00,35,41,60,00,1847,15,1261,02,0,170,582,5100,0,59
19,2,0,36,00,36,58,60,00,1844,15,1260,78,0,173,582,5100,0,58
19,5,0,36,00,37,45,60,00,1841,16,1260,55,0,176,582,5100,1,45
19,8,0,36,00,36,16,60,00,1838,17,1260,32,0,179,582,5100,0,16
20,1,0,36,00,34,98,60,00,1836,18,1260,16,0,181,582,5100,1,02
20,3,0,36,00,36,59,60,00,1833,19,1259,93,0,184,582,5100,0,59
20,6,0,36,00,37,72,60,00,1830,20,1259,70,0,187,582,5100,1,72
20,9,0,36,00,36,58,60,00,1827,21,1259,86,0,190,582,5100,0,58
21,2,0,36,00,35,96,60,00,1825,50,1260,88,0,192,582,5100,0,04
21,4,0,36,00,35,07,60,00,1824,67,1263,69,0,195,582,5100,0,93
21,7,0,36,00,37,33,60,00,1824,87,1266,68,0,198,582,5100,1,33
22,0,0,36,00,35,81,60,00,1825,28,1269,65,0,201,582,5100,0,19
22,3,0,36,00,35,10,60,00,1825,55,1271,63,0,203,582,5100,0,90
22,5,0,36,00,36,94,60,00,1825,95,1274,61,0,206,582,5100,0,94
22,8,0,36,00,37,86,60,00,1826,36,1277,58,0,209,582,5100,1,86
23,1,0,36,00,37,59,60,00,1826,77,1280,55,0,212,582,5100,1,59
23,4,0,36,00,35,02,60,00,1827,04,1282,53,0,214,582,5100,0,98
23,6,0,36,00,35,72,60,00,1827,44,1285,50,0,217,582,5100,0,28
23,9,0,36,00,34,40,60,00,1827,85,1288,48,0,220,582,5100,1,60
24,2,0,36,00,35,64,60,00,1828,25,1291,45,0,223,582,5100,0,36
24,5,0,36,00,34,61,60,00,1828,53,1293,43,0,225,582,5100,1,39
24,7,0,36,00,34,23,60,00,1828,93,1296,40,0,228,582,5100,1,77
25,0,0,36,00,34,20,60,00,1829,34,1299,37,0,231,582,5100,1,80
25,3,0,36,00,35,21,60,00,1829,74,1302,35,0,234,582,5100,0,79
25,6,0,36,00,37,38,60,00,1830,01,1304,33,0,236,582,5100,1,38
25,8,0,36,00,36,11,60,00,1830,42,1307,30,0,239,582,5100,0,11
26,1,0,36,00,37,32,60,00,1830,83,1310,27,0,242,582,5100,1,32
26,4,0,36,00,36,11,60,00,1831,23,1313,25,0,245,582,5100,0,11
26,7,0,36,00,36,05,60,00,1831,50,1315,23,0,247,582,5100,0,05
26,9,0,36,00,37,69,60,00,1831,91,1318,20,0,250,582,5100,1,69
27,2,0,36,00,37,45,60,00,1832,32,1321,17,0,253,582,5100,1,45
27,5,0,36,00,36,70,60,00,1832,72,1324,14,0,256,582,5100,0,70
27,8,0,36,00,37,70,60,00,1832,99,1326,13,0,258,582,5100,1,70
28,0,0,36,00,35,07,60,00,1833,40,1329,10,0,261,582,5100,0,93
28,3,0,36,00,36,61,60,00,1833,80,1332,07,0,264,582,5100,0,61
28,6,0,36,00,34,22,60,00,1834,21,1335,04,0,267,582,5100,1,78
28,9,0,36,00,37,85,60,00,1834,48,1337,02,0,269,582,5100,1,85
29,1,0,36,00,35,22,60,00,1834,89,1340,00,0,272,582,5100,0,78
29,4,0,36,00,37,41,60,00,1835,29,1342,97,0,275,582,5100,1,41
29,7,0,36,00,37,81,60,00,1835,70,1345,94,0,278,582,5100,1,81
30,0,0,36,00,35,14,60,00,1835,97,1347,92,0,280,582,5100,0,86
30,2,0,36,00,37,75,60,00,1836,38,1350,89,0,283,582,5100,1,75
30,5,0,36,00,34,96,60,00,1836,78,1353,87,0,286,582,5100,1,04
30,8,0,36,00,34,10,60,00,1837,19,1356,84,0,289,582,5100,1,90
31,1,0,36,00,37,51,60,00,1837,46,1358,82,0,291,582,5100,1,51
31,3,0,36,00,36,11,60,00,1837,87,1361,79,0,294,582,5100,0,11
31,6,0,36,00,34,13,60,00,1838,27,1364,77,0,297,582,5100,1,87
31,9,0,36,00,34,96,60,00,1838,68,1367,74,0,300,582,5100,1,04
32,2,0,36,00,35,86,60,00,1838,95,1369,72,0,302,582,5100,0,14
32,4,0,36,00,37,02,60,00,1839,35,1372,69,0,305,582,5100,1,02
32,7,0,36,00,34,77,60,00,1839,76,1375,66,0,308,582,5100,1,23
33,0,0,36,00,36,71,60,00,1840,15,1378,64,0,311,582,5100,0,71
33,3,0,36,00,34,47,60,00,1840,41,1380,62,0,313,582,5100,1,53
33,5,0,36,00,35,35,60,00,1840,80,1383,60,0,316,582,5100,0,65
33,8,0,36,00,37,41,60,00,1841,18,1386,57,0,319,582,5100,1,41
34,1,0,36,00,37,71,60,00,1841,57,1389,55,0,322,582,5100,1,71
34,4,0,36,00,35,41,60,00,1841,82,1391,53,0,324,582,5100,0,59
34,6,0,36,00,35,91,60,00,1842,19,1394,51,0,327,582,5100,0,09
34,9,0,36,00,37,09,60,00,1842,56,1397,49,0,330,582,5100,1,09
35,2,0,36,00,37,59,60,00,1842,93,1400,46,0,333,582,5100,1,59
35,5,0,36,00,37,09,60,00,1843,18,1402,45,0,335,582,5100,1,09
35,7,0,36,00,36,43,60,00,1843,55,1405,43,0,338,582,5100,0,43
36,0,0,36,00,37,01,60,00,1843,92,1408,40,0,341,582,5100,1,01
36,3,0,36,00,35,12,60,00,1844,29,1411,38,0,344,582,5100,0,88
36,6,0,36,00,37,68,60,00,1844,53,1413,37,0,346,582,5100,1,68
36,8,0,36,00,36,31,60,00,1844,90,1416,34,0,349,582,5100,0,31
37,1,0,36,00,35,18,60,00,1845,27,1419,32,0,352,582,5100,0,82
37,4,0,36,00,34,24,60,00,1845,64,1422,30,0,355,582,5100,1,76
37,7,0,36,00,35,16,60,00,1845,89,1424,28,0,357,582,5100,0,84
37,9,0,36,00,34,76,60,00,1846,26,1427,26,0,360,582,5100,1,24
38,2,0,36,00,35,52,60,00,1846,63,1430,24,0,363,582,5100,0,48
38,5,0,36,00,37,93,60,00,1847,00,1433,21,0,366,582,5100,1,93
38,8,0,36,00,36,54,60,00,1847,24,1435,20,0,368,582,5100,0,54
39,0,0,36,00,36,80,60,00,1847,61,1438,18,0,371,582,5100,0,80
39,3,0,36,00,34,71,60,00,1847,98,1441,15,0,374,582,5100,1,29
39,6,0,36,00,34,03,60,00,1848,35,1444,13,0,377,582,5100,1,97
39,9,0,36,00,36,29,60,00,1848,60,1446,12,0,379,582,5100,0,29
40,1,0,36,00,36,60,60,00,1848,97,1449,09,0,382,582,5100,0,60
40,4,0,36,00,36,28,60,00,1849,34,1452,07,0,385,582,5100,0,28
40,7,0,36,00,36,06,60,00,1849,71,1455,05,0,388,582,5100,0,06
41,0,0,36,00,34,83,60,00,1849,95,1457,03,0,390,582,5100,1,17
41,2,0,36,00,34,77,60,00,1850,32,1460,01,0,393,582,5100,1,23
41,5,0,36,00,37,89,60,00,1850,69,1462,99,0,396,582,5100,1,89
41,8,0,36,00,34,28,60,00,1851,06,1465,96,0,399,582,5100,1,72
42,1,0,36,00,37,61,60,00,1851,31,1467,95,0,401,582,5100,1,61
42,3,0,36,00,37,62,60,00,1851,68,1470,93,0,404,582,5100,1,62
42,6,0,36,00,36,12,60,00,1852,05,1473,90,0,407,582,5100,0,12
42,9,0,36,00,35,59,60,00,1852,42,1476,88,0,410,582,5100,0,41
43,2,0,36,00,36,80,60,00,1852,66,1478,86,0,412,582,5100,0,80
43,4,0,36,00,37,63,60,00,1853,03,1481,84,0,415,582,5100,1,63
43,7,0,36,00,37,49,60,00,1853,40,1484,82,0,418,582,5100,1,49
44,0,0,36,00,35,47,60,00,1853,77,1487,80,0,421,582,5100,0,53
44,3,0,36,00,37,07,60,00,1854,02,1489,78,0,423,582,5100,1,07
44,5,0,36,00,34,10,60,00,1854,39,1492,76,0,426,582,5100,1,90
44,8,0,36,00,37,54,60,00,1854,76,1495,74,0,429,582,5100,1,54
45,1,0,36,00,36,51,60,00,1855,13,1498,71,0,432,582,5100,0,51
45,4,0,36,00,34,77,60,00,1855,37,1500,70,0,434,582,5100,1,23
45,6,0,36,00,36,46,60,00,1855,74,1503,68,0,437,582,5100,0,46
45,9,0,36,00,36,03,60,00,1856,11,1506,65,0,440,582,5100,0,03
46,2,0,36,00,37,12,60,00,1856,48,1509,63,0,443,582,5100,1,12
46,5,0,36,00,37,92,60,00,1856,73,1511,61,0,445,582,5100,1,92
46,7,0,36,00,36,64,60,00,1857,10,1514,59,0,448,582,5100,0,64
47,0,0,36,00,35,94,60,00,1857,47,1517,57,0,451,582,5100,0,06
47,3,0,36,00,37,48,60,00,1857,84,1520,55,0,454,582,5100,1,48
47,6,0,36,00,35,89,60,00,1858,09,1522,53,0,456,582,5100,0,11
47,8,0,36,00,36,66,60,00,1858,46,1525,51,0,459,582,5100,0,66
48,1,0,36,00,34,26,60,00,1858,72,1528,49,0,462,582,5100,1,74
48,4,0,36,00,35,23,60,00,1858,79,1531,49,0,465,582,5100,0,77
48,7,0,36,00,36,55,60,00,1858,40,1533,44,0,467,582,5100,0,55
48,9,0,36,00,37,68,60,00,1857,36,1536,22,0,470,582,5100,1,68
49,2,0,36,00,34,59,60,00,1855,54,1538,56,0,473,582,5100,1,41
49,5,0,36,00,34,92,60,00,1853,11,1540,31,0,476,582,5100,1,08
49,8,0,36,00,35,98,60,00,1851,33,1541,22,0,478,582,5100,0,02
50,0,0,36,00,37,15,60,00,1848,66,1542,59,0,481,582,5100,1,15
50,3,0,36,00,34,00,60,00,1845,99,1543,96,0,484,582,5100,2,00
50,6,0,36,00,37,11,60,00,1843,32,1545,33,0,487,582,5100,1,11
50,9,0,36,00,37,24,60,00,1841,54,1546,24,0,489,582,5100,1,24
51,1,0,36,00,36,49,60,00,1838,87,1547,61,0,492,582,5100,0,49
51,4,0,36,00,36,92,60,00,1836,20,1548,98,0,495,582,5100,0,92
51,7,0,36,00,36,68,60,00,1833,53,1550,34,0,498,582,5100,0,68
52,0,0,36,00,36,24,60,00,1831,75,1551,26,0,500,582,5100,0,24
52,2,0,36,00,34,63,60,00,1829,08,1552,62,0,503,582,5100,1,37
52,5,0,36,00,37,55,60,00,1826,41,1553,99,0,506,582,5100,1,55
52,8,0,36,00,34,14,60,00,1823,71,1555,29,0,509,582,5100,1,86
53,1,0,36,00,34,12,60,00,1821,90,1556,14,0,511,582,5100,1,88
53,3,0,36,00,34,99,60,00,1819,18,1557,42,0,514,582,5100,1,01
53,6,0,36,00,34,81,60,00,1816,47,1558,70,0,517,582,5100,1,19
53,9,0,36,00,35,45,60,00,1813,75,1559,97,0,520,582,5100,0,55
54,2,0,36,00,35,81,60,00,1811,94,1560,82,0,522,582,5100,0,19
54,4,0,36,00,34,28,60,00,1809,23,1562,10,0,525,582,5100,1,72
54,7,0,36,00,34,79,60,00,1806,52,1563,38,0,528,582,5100,1,21
55,0,0,36,00,34,50,60,00,1803,80,1564,65,0,531,582,5100,1,50
55,3,0,36,00,37,73,60,00,1801,99,1565,50,0,533,582,5100,1,73
55,5,0,36,00,34,14,60,00,1799,27,1566,77,0,536,582,5100,1,86
55,8,0,36,00,36,54,60,00,1796,55,1568,04,0,539,582,5100,0,54
56,1,0,36,00,36,41,60,00,1793,83,1569,31,0,542,582,5100,0,41
56,4,0,0,00,-1,98,60,00,1792,92,1569,73,0,543,0,0000,1,98
56,6,0,0,00,1,68,60,00,1792,92,1569,73,0,543,493,1000,1,68
56,9,0,0,00,-1,89,60,00,1792,92,1569,73,0,543,493,1000,1,89
57,2,0,0,00,-1,55,60,00,1792,92,1569,73,0,543,493,1000,1,55
57,5,0,0,00,0,68,60,00,1792,92,1569,73,0,543,493,1000,0,68
57,7,0,0,00,-1,92,60,00,1792,92,1569,73,0,543,493,1000,1,92
58,0,0,0,00,-1,03,60,00,1792,92,1569,73,0,543,493,1000,1,03
58,3,0,0,00,-1,91,60,00,1792,92,1569,73,0,543,493,1000,1,91
58,6,0,0,00,1,20,60,00,1792,92,1569,73,0,543,493,1000,1,20
58,8,0,0,00,-0,80,60,00,1792,92,1569,73,0,543,493,1000,0,80
59,1,0,0,00,-1,74,60,00,1792,92,1569,73,0,543,493,1000,1,74
59,4,0,0,00,-0,05,60,00,1792,92,1569,73,0,543,493,1000,0,05
59,7,0,0,00,1,66,60,00,1792,92,1569,73,0,543,493,1000,1,66
59,9,0,0,00,-1,99,60,00,1792,92,1569,73,0,543,493,1000,1,99
60,2,0,0,00,1,67,60,00,1792,92,1569,73,0,543,493,1000,1,67
60,5,0,0,00,-1,02,60,00,1792,92,1569,73,0,543,493,1000,1,02
60,8,0,0,00,2,00,60,00,1792,92,1569,73,0,543,493,1000,2,00
61,0,0,0,00,-0,47,60,00,1792,92,1569,73,0,543,493,1000,0,47
61,3,0,0,00,-0,56,60,00,1792,92,1569,73,0,543,493,1000,0,56
61,6,0,36,00,35,44,60,00,1790,21,1571,00,0,546,582,5100,0,56
61,9,0,36,00,36,26,60,00,1788,39,1571,85,0,548,582,5100,0,26
62,1,0,36,00,36,78,60,00,1785,68,1573,12,0,551,582,5100,0,78
62,4,0,36,00,37,60,60,00,1783,04,1574,52,0,554,582,5100,1,60
62,7,0,36,00,34,95,60,00,1780,51,1576,14,0,557,582,5100,1,05
63,0,0,36,00,36,09,60,00,1778,83,1577,22,0,559,582,5100,0,09
63,2,0,36,00,37,87,60,00,1776,30,1578,83,0,562,582,5100,1,87
63,5,0,36,00,36,45,60,00,1773,83,1580,53,0,565,582,5100,0,45
63,8,0,36,00,37,59,60,00,1771,37,1582,24,0,568,582,5100,1,59
64,1,0,36,00,35,97,60,00,1769,72,1583,39,0,570,582,5100,0,03
64,3,0,36,00,36,16,60,00,1767,26,1585,10,0,573,582,5100,0,16
64,6,0,36,00,35,97,60,00,1764,80,1586,81,0,576,582,5100,0,03
64,9,0,36,00,37,88,60,00,1762,34,1588,52,0,579,582,5100,1,88
65,2,0,36,00,34,10,60,00,1760,69,1589,67,0,581,582,5100,1,90
65,4,0,36,00,37,14,60,00,1758,13,1591,21,0,584,582,5100,1,14
65,7,0,36,00,34,41,60,00,1755,48,1592,62,0,587,582,5100,1,59
66,0,0,36,00,36,55,60,00,1752,83,1594,02,0,590,582,5100,0,55
66,3,0,36,00,37,80,60,00,1751,06,1594,95,0,592,582,5100,1,80
66,5,0,36,00,34,02,60,00,1748,43,1596,40,0,595,582,5100,1,98
66,8,0,36,00,37,91,60,00,1745,83,1597,90,0,598,582,5100,1,91
67,1,0,36,00,34,70,60,00,1743,23,1599,39,0,601,582,5100,1,30
67,4,0,36,00,35,69,60,00,1741,49,1600,38,0,603,582,5100,0,31
67,6,0,36,00,37,95,60,00,1738,93,1601,94,0,606,582,5100,1,95
67,9,0,36,00,35,89,60,00,1736,51,1603,70,0,609,582,5100,0,11
68,2,0,36,00,36,84,60,00,1734,08,1605,47,0,612,582,5100,0,84
68,5,0,36,00,35,88,60,00,1732,46,1606,65,0,614,582,5100,0,12
68,7,0,36,00,35,16,60,00,1730,04,1608,41,0,617,582,5100,0,84
69,0,0,36,00,34,73,60,00,1727,65,1610,23,0,620,582,5100,1,27
69,3,0,36,00,35,06,60,00,1725,28,1612,06,0,623,582,5100,0,94
69,6,0,36,00,37,73,60,00,1723,69,1613,28,0,625,582,5100,1,73
69,8,0,36,00,37,70,60,00,1721,31,1615,11,0,628,582,5100,1,70
70,1,0,36,00,37,78,60,00,1719,04,1617,07,0,631,582,5100,1,78
70,4,0,36,00,34,25,60,00,1716,77,1619,03,0,634,582,5100,1,75
70,7,0,36,00,35,31,60,00,1715,26,1620,34,0,636,582,5100,0,69
70,9,0,36,00,37,01,60,00,1712,99,1622,30,0,639,582,5100,1,01
71,2,0,36,00,35,14,60,00,1710,72,1624,26,0,642,582,5100,0,86
71,5,0,36,00,37,08,60,00,1708,45,1626,22,0,645,582,5100,1,08
71,8,0,36,00,37,38,60,00,1706,94,1627,53,0,647,582,5100,1,38
72,0,0,36,00,36,28,60,00,1704,66,1629,49,0,650,582,5100,0,28
72,3,0,36,00,36,94,60,00,1702,57,1631,63,0,653,582,5100,0,94
72,6,0,36,00,34,82,60,00,1700,61,1633,90,0,656,582,5100,1,18
72,9,0,36,00,37,95,60,00,1699,30,1635,41,0,658,582,5100,1,95
73,1,0,36,00,36,09,60,00,1697,33,1637,68,0,661,582,5100,0,09
73,4,0,36,00,37,35,60,00,1695,37,1639,95,0,664,582,5100,1,35
73,7,0,36,00,37,22,60,00,1693,41,1642,22,0,667,582,5100,1,22
74,0,0,36,00,35,94,60,00,1692,10,1643,73,0,669,582,5100,0,06
74,2,0,36,00,35,09,60,00,1690,14,1646,00,0,672,582,5100,0,91
74,5,0,36,00,36,83,60,00,1688,17,1648,27,0,675,582,5100,0,83
74,8,0,36,00,34,51,60,00,1686,21,1650,54,0,678,582,5100,1,49
75,1,0,36,00,34,17,60,00,1684,90,1652,05,0,680,582,5100,1,83
75,3,0,36,00,34,31,60,00,1682,94,1654,32,0,683,582,5100,1,69
75,6,0,36,00,34,50,60,00,1680,98,1656,59,0,686,582,5100,1,50
75,9,0,36,00,35,66,60,00,1679,17,1658,98,0,689,582,5100,0,34
76,2,0,36,00,34,53,60,00,1678,00,1660,60,0,691,582,5100,1,47
76,4,0,36,00,36,69,60,00,1676,25,1663,03,0,694,582,5100,0,69
76,7,0,36,00,36,19,60,00,1674,49,1665,46,0,697,582,5100,0,19
77,0,0,36,00,35,36,60,00,1672,73,1667,90,0,700,582,5100,0,64
77,3,0,36,00,36,29,60,00,1671,56,1669,52,0,702,582,5100,0,29
77,5,0,36,00,37,18,60,00,1669,80,1671,95,0,705,582,5100,1,18
77,8,0,36,00,35,17,60,00,1668,04,1674,38,0,708,582,5100,0,83
78,1,0,36,00,37,43,60,00,1666,28,1676,81,0,711,582,5100,1,43
78,4,0,36,00,37,26,60,00,1665,11,1678,43,0,713,582,5100,1,26
78,6,0,36,00,37,66,60,00,1663,35,1680,86,0,716,582,5100,1,66
78,9,0,36,00,37,99,60,00,1661,60,1683,29,0,719,582,5100,1,99
79,2,0,36,00,34,92,60,00,1659,84,1685,72,0,722,582,5100,1,08
79,5,0,36,00,37,81,60,00,1658,67,1687,34,0,724,582,5100,1,81
79,7,0,36,00,36,76,60,00,1656,91,1689,77,0,727,582,5100,0,76
80,0,0,36,00,37,58,60,00,1655,15,1692,21,0,730,582,5100,1,58
80,3,0,36,00,34,62,60,00,1653,39,1694,63,0,733,582,5100,1,38
80,6,0,36,00,34,96,60,00,1652,15,1696,21,0,735,582,5100,1,04
80,8,0,36,00,36,28,60,00,1650,31,1698,57,0,738,582,5100,0,28
81,1,0,36,00,37,76,60,00,1648,46,1700,93,0,741,582,5100,1,76
81,4,0,36,00,34,71,60,00,1646,61,1703,30,0,744,582,5100,1,29
81,7,0,36,00,36,08,60,00,1645,38,1704,87,0,746,582,5100,0,08
81,9,0,36,00,37,59,60,00,1643,54,1707,24,0,749,582,5100,1,59
82,2,0,36,00,37,00,60,00,1641,69,1709,60,0,752,582,5100,1,00
82,5,0,36,00,35,73,60,00,1639,84,1711,97,0,755,582,5100,0,27
82,8,0,36,00,35,33,60,00,1638,61,1713,54,0,757,582,5100,0,67
83,0,0,36,00,37,40,60,00,1636,57,1715,73,0,760,582,5100,1,40
83,3,0,36,00,35,42,60,00,1634,37,1717,77,0,763,582,5100,0,58
83,6,0,36,00,34,44,60,00,1632,17,1719,81,0,766,582,5100,1,56
83,9,0,36,00,36,58,60,00,1630,71,1721,17,0,768,582,5100,0,58
84,1,0,36,00,36,40,60,00,1628,51,1723,21,0,771,582,5100,0,40
84,4,0,36,00,35,31,60,00,1626,31,1725,25,0,774,582,5100,0,69
84,7,0,36,00,37,76,60,00,1624,11,1727,30,0,777,582,5100,1,76
85,0,0,36,00,34,23,60,00,1622,49,1728,45,0,779,582,5100,1,77
85,2,0,36,00,34,08,60,00,1619,99,1730,11,0,782,582,5100,1,92
85,5,0,36,00,35,74,60,00,1617,49,1731,78,0,785,582,5100,0,26
85,8,0,36,00,35,85,60,00,1614,99,1733,44,0,788,582,5100,0,15
86,1,0,36,00,34,35,60,00,1613,33,1734,54,0,790,582,5100,1,65
86,3,0,36,00,35,86,60,00,1610,83,1736,20,0,793,582,5100,0,14
86,6,0,36,00,37,99,60,00,1608,24,1737,72,0,796,582,5100,1,99
86,9,0,36,00,36,94,60,00,1605,63,1739,20,0,799,582,5100,0,94
87,2,0,36,00,36,34,60,00,1603,90,1740,20,0,801,582,5100,0,34
87,4,0,36,00,34,56,60,00,1601,32,1741,72,0,804,582,5100,1,44
87,7,0,36,00,35,68,60,00,1598,73,1743,24,0,807,582,5100,0,32
88,0,0,36,00,36,80,60,00,1596,19,1744,83,0,810,582,5100,0,80
88,3,0,36,00,36,90,60,00,1594,50,1745,89,0,812,582,5100,0,90
88,5,0,36,00,37,13,60,00,1591,96,1747,49,0,815,582,5100,1,13
88,8,0,36,00,37,44,60,00,1589,42,1749,08,0,818,582,5100,1,44
89,1,0,36,00,35,64,60,00,1586,87,1750,67,0,821,582,5100,0,36
89,4,0,36,00,37,68,60,00,1585,17,1751,72,0,823,582,5100,1,68
89,6,0,36,00,36,02,60,00,1582,62,1753,31,0,826,582,5100,0,02
89,9,0,36,00,37,56,60,00,1580,07,1754,89,0,829,582,5100,1,56
90,2,0,36,00,37,50,60,00,1577,53,1756,48,0,832,582,5100,1,50
90,5,0,36,00,34,01,60,00,1575,83,1757,53,0,834,582,5100,1,99
90,7,0,36,00,37,42,60,00,1573,28,1759,12,0,837,582,5100,1,42
91,0,0,36,00,34,16,60,00,1570,73,1760,70,0,840,582,5100,1,84
91,3,0,36,00,35,61,60,00,1568,18,1762,28,0,843,582,5100,0,39
91,6,0,36,00,36,21,60,00,1566,48,1763,34,0,845,582,5100,0,21
91,8,0,36,00,35,61,60,00,1563,94,1764,92,0,848,582,5100,0,39
92,1,0,36,00,36,40,60,00,1561,39,1766,51,0,851,582,5100,0,40
92,4,0,36,00,37,57,60,00,1558,83,1768,08,0,854,582,5100,1,57
92,7,0,36,00,36,75,60,00,1557,13,1769,13,0,856,582,5100,0,75
92,9,0,36,00,35,44,60,00,1554,57,1770,69,0,859,582,5100,0,56
93,2,0,36,00,36,47,60,00,1552,01,1772,25,0,862,582,5100,0,47
93,5,0,36,00,36,81,60,00,1549,44,1773,82,0,865,582,5100,0,81
93,8,0,36,00,37,23,60,00,1547,74,1774,86,0,867,582,5100,1,23
94,0,0,36,00,34,40,60,00,1545,18,1776,42,0,870,582,5100,1,60
94,3,0,36,00,34,42,60,00,1542,63,1778,01,0,873,582,5100,1,58
94,6,0,36,00,35,70,60,00,1540,23,1779,80,0,876,582,5100,0,30
94,9,0,36,00,37,20,60,00,1538,62,1781,00,0,878,582,5100,1,20
95,1,0,36,00,36,88,60,00,1536,22,1782,80,0,881,582,5100,0,88
95,4,0,36,00,36,35,60,00,1533,82,1784,59,0,884,582,5100,0,35
95,7,0,36,00,34,11,60,00,1531,41,1786,39,0,887,582,5100,1,89
96,0,0,36,00,37,50,60,00,1529,81,1787,58,0,889,582,5100,1,50
96,2,0,36,00,34,60,60,00,1527,41,1789,38,0,892,582,5100,1,40
96,5,0,36,00,36,93,60,00,1525,00,1791,18,0,895,582,5100,0,93
96,8,0,36,00,36,77,60,00,1522,54,1792,87,0,898,582,5100,0,77
97,1,0,36,00,37,27,60,00,1520,85,1793,95,0,900,582,5100,1,27
97,3,0,36,00,36,85,60,00,1518,33,1795,56,0,903,582,5100,0,85
97,6,0,36,00,36,16,60,00,1515,80,1797,18,0,906,582,5100,0,16
97,9,0,36,00,37,21,60,00,1513,27,1798,80,0,909,582,5100,1,21
98,2,0,36,00,36,97,60,00,1511,59,1799,87,0,911,582,5100,0,97
98,4,0,36,00,35,69,60,00,1509,06,1801,49,0,914,582,5100,0,31
98,7,0,36,00,36,72,60,00,1506,53,1803,11,0,917,582,5100,0,72
99,0,0,36,00,36,03,60,00,1504,00,1804,72,0,920,582,5100,0,03
99,3,0,36,00,35,82,60,00,1502,32,1805,80,0,922,582,5100,0,18
99,5,0,36,00,37,27,60,00,1499,79,1807,42,0,925,582,5100,1,27
99,8,0,36,00,37,72,60,00,1497,26,1809,03,0,928,582,5100,1,72
100,1,0,36,00,35,83,60,00,1494,74,1810,65,0,931,582,5100,0,17
100,4,0,36,00,36,09,60,00,1493,05,1811,73,0,933,582,5100,0,09
100,6,0,36,00,35,93,60,00,1490,53,1813,34,0,936,582,5100,0,07
100,9,0,36,00,35,06,60,00,1488,00,1814,96,0,939,582,5100,0,94
101,2,0,36,00,35,26,60,00,1485,47,1816,57,0,942,582,5100,0,74
101,5,0,36,00,36,79,60,00,1483,79,1817,65,0,944,582,5100,0,79
101,7,0,36,00,34,37,60,00,1481,26,1819,27,0,947,582,5100,1,63
102,0,0,36,00,34,55,60,00,1478,73,1820,88,0,950,582,5100,1,45
102,3,0,36,00,37,74,60,00,1476,20,1822,50,0,953,582,5100,1,74
102,6,0,36,00,37,46,60,00,1474,52,1823,58,0,955,582,5100,1,46
102,8,0,36,00,34,72,60,00,1471,99,1825,19,0,958,582,5100,1,28
103,1,0,36,00,36,53,60,00,1469,46,1826,81,0,961,582,5100,0,53
103,4,0,36,00,34,57,60,00,1466,94,1828,43,0,964,582,5100,1,43
103,7,0,36,00,37,39,60,00,1465,25,1829,50,0,966,582,5100,1,39
103,9,0,36,00,36,13,60,00,1462,72,1831,12,0,969,582,5100,0,13
104,2,0,36,00,36,79,60,00,1460,20,1832,74,0,972,582,5100,0,79
104,5,0,36,00,35,57,60,00,1457,64,1834,31,0,975,582,5100,0,43
104,8,0,36,00,35,74,60,00,1455,92,1835,33,0,977,582,5100,0,26
105,0,0,36,00,36,47,60,00,1453,33,1836,85,0,980,582,5100,0,47
105,3,0,36,00,35,70,60,00,1450,74,1838,37,0,983,582,5100,0,30
105,6,0,36,00,36,68,60,00,1448,11,1839,80,0,986,582,5100,0,68
105,9,0,36,00,37,02,60,00,1446,35,1840,75,0,988,582,5100,1,02
106,1,0,36,00,34,81,60,00,1443,71,1842,18,0,991,582,5100,1,19
106,4,0,36,00,35,48,60,00,1441,07,1843,60,0,994,582,5100,0,52
106,7,0,36,00,35,93,60,00,1438,43,1845,03,0,997,582,5100,0,07
107,0,0,36,00,36,87,60,00,1436,67,1845,98,0,999,582,5100,0,87
107,2,0,36,00,37,28,60,00,1434,04,1847,41,1,002,582,5100,1,28
107,5,0,36,00,34,99,60,00,1431,40,1848,84,1,005,582,5100,1,01
107,8,0,36,00,37,38,60,00,1428,76,1850,26,1,008,582,5100,1,38
108,1,0,36,00,36,15,60,00,1427,00,1851,21,1,010,582,5100,0,15
108,3,0,36,00,36,53,60,00,1424,36,1852,64,1,013,582,5100,0,53
108,6,0,36,00,37,92,60,00,1421,72,1854,07,1,016,582,5100,1,92
108,9,0,36,00,37,00,60,00,1419,08,1855,50,1,019,582,5100,1,00
109,2,0,36,00,36,23,60,00,1417,33,1856,45,1,021,582,5100,0,23
109,4,0,36,00,37,14,60,00,1414,68,1857,87,1,024,582,5100,1,14
109,7,0,36,00,37,61,60,00,1411,93,1859,05,1,027,582,5100,1,61
110,0,0,36,00,37,02,60,00,1409,17,1860,23,1,030,582,5100,1,02
110,3,0,36,00,35,57,60,00,1407,33,1861,02,1,032,582,5100,0,43
110,5,0,36,00,34,95,60,00,1404,57,1862,20,1,035,582,5100,1,05
110,8,0,36,00,34,60,60,00,1401,71,1863,08,1,038,582,5100,1,40
111,1,0,36,00,37,76,60,00,1398,83,1863,94,1,041,582,5100,1,76
111,4,0,36,00,34,84,60,00,1396,91,1864,47,1,043,582,5100,1,16
111,6,0,36,00,37,09,60,00,1393,99,1865,20,1,046,582,5100,1,09
111,9,0,36,00,36,89,60,00,1391,05,1865,80,1,049,582,5100,0,89
112,2,0,36,00,36,69,60,00,1388,09,1866,28,1,052,582,5100,0,69
112,5,0,36,00,35,45,60,00,1386,11,1866,55,1,054,582,5100,0,55
112,7,0,36,00,36,98,60,00,1383,13,1866,92,1,057,582,5100,0,98
113,0,0,36,00,35,44,60,00,1380,15,1867,27,1,060,582,5100,0,56
113,3,0,36,00,35,37,60,00,1377,17,1867,62,1,063,582,5100,0,63
113,6,0,36,00,37,41,60,00,1375,19,1867,85,1,065,582,5100,1,41
113,8,0,36,00,37,80,60,00,1372,21,1868,20,1,068,582,5100,1,80
114,1,0,36,00,36,13,60,00,1369,23,1868,55,1,071,582,5100,0,13
114,4,0,36,00,35,92,60,00,1366,25,1868,91,1,074,582,5100,0,08
114,7,0,36,00,34,64,60,00,1364,26,1869,14,1,076,582,5100,1,36
114,9,0,36,00,37,67,60,00,1361,28,1869,49,1,079,582,5100,1,67
115,2,0,36,00,37,97,60,00,1358,30,1869,84,1,082,582,5100,1,97
115,5,0,36,00,35,64,60,00,1355,32,1870,19,1,085,582,5100,0,36
115,8,0,36,00,37,10,60,00,1353,34,1870,43,1,087,582,5100,1,10
116,0,0,36,00,37,21,60,00,1350,36,1870,78,1,090,582,5100,1,21
116,3,0,36,00,34,06,60,00,1347,38,1871,13,1,093,582,5100,1,94
116,6,0,36,00,37,70,60,00,1344,40,1871,49,1,096,582,5100,1,70
116,9,0,36,00,35,38,60,00,1342,41,1871,71,1,098,582,5100,0,62
117,1,0,36,00,34,17,60,00,1339,43,1872,03,1,101,582,5100,1,83
117,4,0,36,00,35,11,60,00,1336,44,1872,27,1,104,582,5100,0,89
117,7,0,0,00,-0,77,60,00,1335,44,1872,36,1,105,493,1000,0,77
118,0,0,0,00,0,97,60,00,1335,44,1872,36,1,105,493,1000,0,97
118,2,0,0,00,1,59,60,00,1335,44,1872,36,1,105,493,1000,1,59
118,5,0,0,00,-0,03,60,00,1335,44,1872,36,1,105,493,1000,0,03
118,8,0,0,00,-0,50,60,00,1335,44,1872,36,1,105,493,1000,0,50
119,1,0,0,00,0,13,60,00,1335,44,1872,36,1,105,493,1000,0,13
119,3,0,0,00,1,88,60,00,1335,44,1872,36,1,105,493,1000,1,88
119,6,0,0,00,-0,91,60,00,1335,44,1872,36,1,105,493,1000,0,91
119,9,0,0,00,-1,51,60,00,1335,44,1872,36,1,105,493,1000,1,51
120,2,0,0,00,-1,12,60,00,1335,44,1872,36,1,105,493,1000,1,12
120,4,0,0,00,1,74,60,00,1335,44,1872,36,1,105,493,1000,1,74
120,7,0,0,00,-0,05,60,00,1335,44,1872,36,1,105,493,1000,0,05
121,0,0,0,00,-1,93,60,00,1335,44,1872,36,1,105,493,1000,1,93
121,3,0,0,00,-0,36,60,00,1335,44,1872,36,1,105,493,1000,0,36
121,5,0,0,00,0,67,60,00,1335,44,1872,36,1,105,493,1000,0,67
121,8,0,0,00,-0,72,60,00,1335,44,1872,36,1,105,493,1000,0,72
122,1,0,0,00,1,42,60,00,1335,44,1872,36,1,105,493,1000,1,42
122,4,0,0,00,-0,07,60,00,1335,44,1872,36,1,105,493,1000,0,07
122,6,0,36,00,34,61,60,00,1334,45,1872,40,1,106,77202,5100,1,39
122,9,0,36,00,35,93,60,00,1331,45,1872,48,1,109,582,5100,0,07
123,2,0,36,00,36,90,60,00,1328,45,1872,43,1,112,582,5100,0,90
123,5,0,36,00,36,84,60,00,1326,45,1872,38,1,114,582,5100,0,84
123,7,0,36,00,36,41,60,00,1323,45,1872,30,1,117,582,5100,0,41
124,0,0,36,00,36,50,60,00,1320,45,1872,23,1,120,582,5100,0,50
124,3,0,36,00,36,01,60,00,1317,45,1872,20,1,123,582,5100,0,01
124,6,0,36,00,37,07,60,00,1315,45,1872,17,1,125,582,5100,1,07
124,8,0,36,00,36,04,60,00,1312,45,1872,14,1,128,582,5100,0,04
125,1,0,36,00,37,14,60,00,1309,45,1872,10,1,131,582,5100,1,14
125,4,0,36,00,37,95,60,00,1306,46,1871,92,1,134,582,5100,1,95
125,7,0,36,00,35,77,60,00,1304,46,1871,86,1,136,582,5100,0,23
125,9,0,36,00,35,50,60,00,1301,47,1871,76,1,139,582,5100,0,50
126,2,0,36,00,37,43,60,00,1298,47,1871,65,1,142,582,5100,1,43
126,5,0,36,00,37,08,60,00,1295,47,1871,53,1,145,582,5100,1,08
126,8,0,36,00,34,00,60,00,1293,47,1871,45,1,147,582,5100,2,00
127,0,0,36,00,35,06,60,00,1290,47,1871,34,1,150,582,5100,0,94
127,3,0,36,00,35,70,60,00,1287,48,1871,22,1,153,582,5100,0,30
127,6,0,36,00,36,47,60,00,1284,48,1871,09,1,156,582,5100,0,47
127,9,0,36,00,34,10,60,00,1282,48,1871,00,1,158,582,5100,1,90
128,1,0,36,00,35,79,60,00,1279,48,1870,87,1,161,582,5100,0,21
128,4,0,36,00,37,88,60,00,1276,49,1870,74,1,164,582,5100,1,88
128,7,0,36,00,35,06,60,00,1273,49,1870,60,1,167,582,5100,0,94
129,0,0,36,00,37,15,60,00,1271,49,1870,52,1,169,582,5100,1,15
129,2,0,36,00,37,24,60,00,1268,49,1870,38,1,172,582,5100,1,24
129,5,0,36,00,35,86,60,00,1265,50,1870,37,1,175,582,5100,0,14
129,8,0,36,00,34,77,60,00,1262,50,1870,38,1,178,582,5100,1,23
130,1,0,36,00,34,54,60,00,1260,50,1870,39,1,180,582,5100,1,46
130,3,0,36,00,37,57,60,00,1257,50,1870,40,1,183,582,5100,1,57
130,6,0,36,00,36,32,60,00,1254,50,1870,41,1,186,582,5100,0,32
130,9,0,36,00,34,86,60,00,1251,50,1870,42,1,189,582,5100,1,14
131,2,0,36,00,36,60,60,00,1249,50,1870,40,1,191,582,5100,0,60
131,4,0,36,00,37,70,60,00,1246,50,1870,38,1,194,582,5100,1,70
131,7,0,36,00,34,69,60,00,1243,50,1870,36,1,197,582,5100,1,31
132,0,0,36,00,35,54,60,00,1240,50,1870,34,1,200,582,5100,0,46
132,3,0,36,00,35,53,60,00,1238,50,1870,32,1,202,582,5100,0,47
132,5,0,36,00,35,88,60,00,1235,50,1870,26,1,205,582,5100,0,12
132,8,0,36,00,36,67,60,00,1232,50,1870,08,1,208,582,5100,0,67
133,1,0,36,00,34,17,60,00,1229,52,1869,76,1,211,582,5100,1,83
133,4,0,36,00,36,91,60,00,1227,53,1869,53,1,213,582,5100,0,91
133,6,0,36,00,37,18,60,00,1224,56,1869,17,1,216,582,5100,1,18
133,9,0,36,00,37,60,60,00,1221,58,1868,81,1,219,582,5100,1,60
134,2,0,36,00,36,61,60,00,1218,60,1868,45,1,222,582,5100,0,61
134,5,0,36,00,34,66,60,00,1216,61,1868,21,1,224,582,5100,1,34
134,7,0,36,00,36,03,60,00,1213,64,1867,86,1,227,582,5100,0,03
135,0,0,36,00,35,58,60,00,1210,67,1867,40,1,230,582,5100,0,42
135,3,0,36,00,35,33,60,00,1207,72,1866,89,1,233,582,5100,0,67
135,6,0,36,00,35,69,60,00,1205,75,1866,55,1,235,582,5100,0,31
135,8,0,36,00,35,77,60,00,1202,79,1866,04,1,238,582,5100,0,23
136,1,0,36,00,36,78,60,00,1199,83,1865,53,1,241,582,5100,0,78
136,4,0,36,00,37,88,60,00,1196,88,1865,02,1,244,582,5100,1,88
136,7,0,36,00,35,13,60,00,1194,91,1864,68,1,246,582,5100,0,87
136,9,0,36,00,35,40,60,00,1191,95,1864,17,1,249,582,5100,0,60
137,2,0,36,00,35,20,60,00,1189,00,1863,66,1,252,582,5100,0,80
137,5,0,36,00,34,25,60,00,1186,04,1863,15,1,255,582,5100,1,75
137,8,0,36,00,36,86,60,00,1184,07,1862,81,1,257,582,5100,0,86
138,0,0,36,00,35,75,60,00,1181,10,1862,43,1,260,582,5100,0,25
138,3,0,36,00,37,61,60,00,1178,11,1862,17,1,263,582,5100,1,61
138,6,0,36,00,36,17,60,00,1175,12,1861,90,1,266,582,5100,0,17
138,9,0,36,00,34,75,60,00,1173,13,1861,73,1,268,582,5100,1,25
139,1,0,36,00,35,51,60,00,1170,14,1861,47,1,271,582,5100,0,49
139,4,0,36,00,34,85,60,00,1167,15,1861,20,1,274,582,5100,1,15
139,7,0,36,00,34,40,60,00,1164,17,1860,94,1,277,582,5100,1,60
140,0,0,36,00,34,38,60,00,1162,17,1860,91,1,279,582,5100,1,62
140,2,0,36,00,34,19,60,00,1159,18,1861,17,1,282,582,5100,1,81
140,5,0,36,00,35,24,60,00,1156,23,1861,72,1,285,582,5100,0,76
140,8,0,36,00,36,78,60,00,1153,25,1861,99,1,288,582,5100,0,78
141,1,0,36,00,37,68,60,00,1151,25,1862,02,1,290,582,5100,1,68
141,3,0,36,00,37,39,60,00,1148,25,1862,01,1,293,582,5100,1,39
141,6,0,36,00,36,34,60,00,1145,25,1862,00,1,296,582,5100,0,34
141,9,0,36,00,35,35,60,00,1142,25,1861,99,1,299,582,5100,0,65
142,2,0,36,00,35,51,60,00,1140,25,1861,98,1,301,582,5100,0,49
142,4,0,36,00,34,58,60,00,1137,25,1861,97,1,304,582,5100,1,42
142,7,0,36,00,36,55,60,00,1134,25,1861,96,1,307,582,5100,0,55
143,0,0,36,00,35,49,60,00,1131,25,1861,95,1,310,582,5100,0,51
143,3,0,36,00,34,57,60,00,1129,25,1861,94,1,312,582,5100,1,43
143,5,0,36,00,34,25,60,00,1126,25,1861,93,1,315,582,5100,1,75
143,8,0,36,00,34,48,60,00,1123,25,1861,92,1,318,582,5100,1,52
144,1,0,36,00,37,98,60,00,1120,25,1861,91,1,321,582,5100,1,98
144,4,0,36,00,37,30,60,00,1118,25,1861,90,1,323,582,5100,1,30
144,6,0,36,00,36,29,60,00,1115,25,1861,89,1,326,582,5100,0,29
144,9,0,36,00,35,49,60,00,1112,26,1862,09,1,329,582,5100,0,51
145,2,0,36,00,37,80,60,00,1109,27,1862,37,1,332,582,5100,1,80
145,5,0,36,00,37,27,60,00,1107,28,1862,56,1,334,582,5100,1,27
145,7,0,36,00,36,50,60,00,1104,29,1862,83,1,337,582,5100,0,50
146,0,0,36,00,37,64,60,00,1101,31,1863,11,1,340,582,5100,1,64
146,3,0,36,00,37,65,60,00,1098,32,1863,39,1,343,582,5100,1,65
146,6,0,36,00,35,35,60,00,1096,33,1863,57,1,345,582,5100,0,65
146,8,0,36,00,37,16,60,00,1093,34,1863,85,1,348,582,5100,1,16
147,1,0,36,00,35,07,60,00,1090,37,1864,22,1,351,582,5100,0,93
147,4,0,36,00,35,19,60,00,1087,43,1864,82,1,354,582,5100,0,81
147,7,0,36,00,35,53,60,00,1085,47,1865,23,1,356,582,5100,0,47
147,9,0,36,00,37,10,60,00,1082,53,1865,83,1,359,582,5100,1,10
148,2,0,36,00,35,65,60,00,1079,59,1866,43,1,362,582,5100,0,35
148,5,0,36,00,37,73,60,00,1076,66,1867,03,1,365,582,5100,1,73
148,8,0,36,00,36,68,60,00,1074,70,1867,44,1,367,582,5100,0,68
149,0,0,36,00,37,84,60,00,1071,75,1868,02,1,370,582,5100,1,84
149,3,0,36,00,34,02,60,00,1068,81,1868,61,1,373,582,5100,1,98
149,6,0,36,00,35,10,60,00,1065,87,1869,19,1,376,582,5100,0,90
149,9,0,36,00,36,26,60,00,1063,91,1869,58,1,378,582,5100,0,26
150,1,0,36,00,34,24,60,00,1060,94,1869,91,1,381,582,5100,1,76
150,4,0,36,00,34,06,60,00,1058,09,1869,20,1,384,582,5100,1,94
150,7,0,36,00,36,52,60,00,1055,93,1867,17,1,387,582,5100,0,52
151,0,0,36,00,37,58,60,00,1055,05,1865,37,1,389,582,5100,1,58
151,2,0,36,00,37,37,60,00,1053,81,1862,64,1,392,582,5100,1,37
151,5,0,36,00,37,42,60,00,1052,26,1860,09,1,395,582,5100,1,42
151,8,0,36,00,34,46,60,00,1050,05,1858,07,1,398,582,5100,1,54
152,1,0,36,00,34,43,60,00,1048,52,1856,78,1,400,582,5100,1,57
152,3,0,36,00,37,46,60,00,1046,27,1854,80,1,403,582,5100,1,46
152,6,0,36,00,34,08,60,00,1044,04,1852,80,1,406,582,5100,1,92
152,9,0,36,00,34,02,60,00,1041,80,1850,80,1,409,582,5100,1,98
153,2,0,36,00,36,32,60,00,1040,32,1849,47,1,411,582,5100,0,32
153,4,0,36,00,34,50,60,00,1038,08,1847,47,1,414,582,5100,1,50
153,7,0,36,00,35,25,60,00,1035,85,1845,46,1,417,582,5100,0,75
154,0,0,36,00,35,49,60,00,1033,62,1843,46,1,420,582,5100,0,51
154,3,0,36,00,34,37,60,00,1032,13,1842,12,1,422,582,5100,1,63
154,5,0,36,00,36,07,60,00,1029,90,1840,12,1,425,582,5100,0,07
154,8,0,36,00,35,10,60,00,1027,66,1838,12,1,428,582,5100,0,90
155,1,0,36,00,37,75,60,00,1025,43,1836,11,1,431,582,5100,1,75
155,4,0,36,00,35,68,60,00,1023,94,1834,78,1,433,582,5100,0,32
155,6,0,36,00,34,31,60,00,1021,71,1832,77,1,436,582,5100,1,69
155,9,0,36,00,34,13,60,00,1019,68,1830,56,1,439,582,5100,1,87
156,2,0,36,00,35,58,60,00,1018,03,1828,09,1,442,582,5100,0,42
156,5,0,36,00,36,50,60,00,1017,16,1826,30,1,444,582,5100,0,50
156,7,0,36,00,34,05,60,00,1016,71,1823,33,1,447,582,5100,1,95
157,0,0,36,00,37,22,60,00,1017,24,1820,39,1,450,582,5100,1,22
157,3,0,36,00,35,90,60,00,1018,17,1817,54,1,453,582,5100,0,10
157,6,0,36,00,35,15,60,00,1018,85,1815,66,1,455,582,5100,0,85
157,8,0,36,00,36,61,60,00,1019,87,1812,84,1,458,582,5100,0,61
158,1,0,36,00,36,40,60,00,1021,02,1810,08,1,461,582,5100,0,40
158,4,0,36,00,36,02,60,00,1022,49,1807,46,1,464,582,5100,0,02
158,7,0,36,00,34,14,60,00,1023,71,1805,88,1,466,582,5100,1,86
158,9,0,36,00,36,35,60,00,1025,82,1803,84,1,469,582,5100,0,35
159,2,0,36,00,34,56,60,00,1028,55,1802,80,1,472,582,5100,1,44
159,5,0,36,00,34,97,60,00,1031,50,1803,02,1,475,582,5100,1,03
159,8,0,36,00,37,65,60,00,1033,35,1803,77,1,477,582,5100,1,65
160,0,0,36,00,35,62,60,00,1036,02,1805,12,1,480,582,5100,0,38
160,3,0,36,00,37,59,60,00,1038,61,1806,64,1,483,582,5100,1,59
160,6,0,36,00,35,20,60,00,1041,21,1808,15,1,486,582,5100,0,80
160,9,0,36,00,37,68,60,00,1042,93,1809,16,1,488,582,5100,1,68
161,1,0,36,00,36,61,60,00,1045,43,1810,82,1,491,582,5100,0,61
161,4,0,36,00,34,99,60,00,1047,72,1812,73,1,494,582,5100,1,01
161,7,0,36,00,36,38,60,00,1049,22,1815,24,1,497,582,5100,0,38
162,0,0,36,00,36,73,60,00,1049,33,1817,19,1,499,582,5100,0,73
162,2,0,36,00,37,50,60,00,1047,96,1819,84,1,502,582,5100,1,50
162,5,0,36,00,34,46,60,00,1046,17,1822,25,1,505,582,5100,1,54
162,8,0,36,00,37,34,60,00,1044,38,1824,66,1,508,582,5100,1,34
163,1,0,36,00,36,54,60,00,1043,18,1826,26,1,510,582,5100,0,54
163,3,0,36,00,37,32,60,00,1041,39,1828,66,1,513,582,5100,1,32
163,6,0,36,00,34,76,60,00,1039,60,1831,06,1,516,582,5100,1,24
163,9,0,36,00,35,09,60,00,1037,81,1833,47,1,519,582,5100,0,91
