RunNumber,SensorId,Timestamp,VehicleId,RealSpeed,MeasuredSpeed,OptimalSpeed,PositionX,PositionY,Distance,FuelConsumption,Error
1,S01,0,4,0_run1,2,71,3,41,60,00,2015,70,1276,56,0,000,1124,3719,0,70
1,S01,0,5,0_run1,3,46,4,41,60,00,2015,60,1276,56,0,000,1058,6583,0,95
1,S01,0,6,0_run1,4,91,4,27,60,00,2015,35,1276,55,0,001,1043,7366,0,65
1,S01,0,8,0_run1,5,62,5,74,60,00,2015,19,1276,55,0,001,1081,1522,0,11
1,S01,0,9,0_run1,6,28,5,96,60,00,2015,02,1276,54,0,001,1056,8470,0,32
1,S01,1,0,0_run1,6,87,9,20,60,00,2014,83,1276,53,0,001,1010,6002,2,33
1,S01,1,1,0_run1,8,60,8,84,60,00,2014,37,1276,52,0,001,1277,1405,0,24
1,S01,1,3,0_run1,9,12,8,38,60,00,2014,12,1276,51,0,002,1003,4233,0,74
1,S01,1,4,0_run1,9,90,11,78,60,00,2013,85,1276,50,0,002,1266,7116,1,88
1,S01,1,5,0_run1,10,75,9,71,60,00,2013,55,1276,49,0,002,1369,7017,1,04
1,S01,1,6,0_run1,12,16,9,86,60,00,2012,89,1276,47,0,003,1057,2540,2,30
1,S01,1,8,0_run1,12,85,11,83,60,00,2012,53,1276,45,0,003,1263,9552,1,02
1,S01,1,9,0_run1,13,37,10,07,60,00,2012,16,1276,44,0,004,1095,7009,3,30
1,S01,2,0,0_run1,13,88,10,60,60,00,2011,77,1276,43,0,004,1095,9061,3,29
1,S01,2,1,0_run1,15,55,16,16,60,00,2010,93,1276,40,0,005,1626,9126,0,61
1,S01,2,3,0_run1,16,19,14,68,60,00,2010,49,1276,38,0,005,1298,9382,1,51
1,S01,2,4,0_run1,16,81,16,83,60,00,2010,02,1276,37,0,006,1299,3122,0,02
1,S01,2,5,0_run1,17,43,16,96,60,00,2009,53,1276,35,0,006,1304,3609,0,46
1,S01,2,6,0_run1,18,99,16,99,60,00,2008,50,1276,31,0,007,1632,7130,1,99
1,S01,2,8,0_run1,19,56,20,13,60,00,2007,96,1276,29,0,008,1308,5879,0,56
1,S01,2,9,0_run1,20,27,19,93,60,00,2007,40,1276,27,0,008,1509,7439,0,33
1,S01,3,0,0_run1,20,96,21,76,60,00,2006,82,1276,25,0,009,1515,8407,0,80
1,S01,3,1,0_run1,22,34,24,43,60,00,2005,60,1276,21,0,010,1806,3316,2,08
1,S01,3,3,0_run1,23,20,23,63,60,00,2004,95,1276,19,0,011,1833,5566,0,43
1,S01,3,4,0_run1,23,67,26,12,60,00,2004,30,1276,17,0,012,1264,9076,2,45
1,S01,3,5,0_run1,24,39,23,02,60,00,2003,62,1276,14,0,012,1683,8115,1,37
1,S01,3,6,0_run1,25,64,27,21,60,00,2002,21,1276,09,0,014,1591,4649,1,57
1,S01,3,8,0_run1,26,38,24,77,60,00,2001,48,1276,07,0,014,1765,0098,1,60
1,S01,3,9,0_run1,27,29,23,72,60,00,2000,73,1276,04,0,015,2102,4906,3,56
1,S01,4,0,0_run1,28,02,28,20,60,00,1999,95,1276,01,0,016,1831,5877,0,18
1,S01,4,1,0_run1,29,70,30,52,60,00,1998,32,1275,96,0,018,2027,9406,0,82
1,S01,4,3,0_run1,30,62,29,01,60,00,1997,47,1275,93,0,018,2276,1730,1,61
1,S01,4,4,0_run1,31,18,27,68,60,00,1996,60,1275,90,0,019,1625,0522,3,50
1,S01,4,5,0_run1,31,77,34,59,60,00,1995,72,1275,86,0,020,1699,1718,2,82
1,S01,4,6,0_run1,33,14,31,88,60,00,1993,91,1275,80,0,022,2268,2425,1,26
1,S01,4,8,0_run1,33,61,35,73,60,00,1992,97,1275,77,0,023,1518,4816,2,12
1,S01,4,9,0_run1,34,12,37,74,60,00,1992,03,1275,74,0,024,1612,5469,3,62
1,S01,5,0,0_run1,34,66,31,52,60,00,1991,06,1275,70,0,025,1677,2367,3,13
1,S01,5,1,0_run1,35,83,35,59,60,00,1989,09,1275,63,0,027,1610,5733,0,25
1,S01,5,3,0_run1,36,42,33,82,60,00,1988,08,1275,60,0,028,1839,3742,2,60
1,S01,5,4,0_run1,37,05,39,36,60,00,1987,05,1275,56,0,029,1971,3416,2,31
1,S01,5,5,0_run1,37,53,36,04,60,00,1986,01,1275,52,0,030,1636,2152,1,48
1,S01,5,6,0_run1,36,00,34,63,60,00,1983,95,1275,45,0,032,0,0000,1,37
1,S01,5,8,0_run1,36,00,36,17,60,00,1982,95,1275,42,0,033,582,5100,0,17
1,S01,5,9,0_run1,36,00,36,77,60,00,1981,95,1275,38,0,034,582,5100,0,77
1,S01,6,0,0_run1,36,00,33,63,60,00,1980,95,1275,31,0,035,582,5100,2,37
1,S01,6,1,0_run1,36,00,36,59,60,00,1978,97,1275,01,0,037,582,5100,0,59
1,S01,6,3,0_run1,36,00,36,33,60,00,1977,98,1274,87,0,038,582,5100,0,33
1,S01,6,4,0_run1,36,00,36,45,60,00,1976,99,1274,72,0,039,582,5100,0,45
1,S01,6,5,0_run1,36,00,32,60,60,00,1976,01,1274,57,0,040,582,5100,3,40
1,S01,6,6,0_run1,36,00,35,90,60,00,1974,03,1274,28,0,042,582,5100,0,10
1,S01,6,8,0_run1,36,00,34,62,60,00,1973,04,1274,14,0,043,582,5100,1,38
1,S01,6,9,0_run1,36,00,37,93,60,00,1972,05,1273,99,0,044,582,5100,1,93
1,S01,7,0,0_run1,36,00,34,96,60,00,1971,06,1273,84,0,045,582,5100,1,04
1,S01,7,1,0_run1,36,00,40,13,60,00,1969,08,1273,55,0,047,582,5100,4,13
1,S01,7,3,0_run1,36,00,35,38,60,00,1968,09,1273,40,0,048,582,5100,0,62
1,S01,7,4,0_run1,36,00,35,26,60,00,1967,10,1273,26,0,049,582,5100,0,74
1,S01,7,5,0_run1,36,00,34,72,60,00,1966,13,1273,02,0,050,582,5100,1,28
1,S01,7,6,0_run1,36,00,32,32,60,00,1964,19,1272,52,0,052,582,5100,3,68
1,S01,7,8,0_run1,36,00,36,22,60,00,1963,22,1272,28,0,053,582,5100,0,22
1,S01,7,9,0_run1,36,00,34,27,60,00,1962,26,1272,03,0,054,582,5100,1,73
1,S01,8,0,0_run1,36,00,33,67,60,00,1961,29,1271,78,0,055,582,5100,2,33
1,S01,8,1,0_run1,36,00,34,22,60,00,1959,35,1271,28,0,057,582,5100,1,78
1,S01,8,3,0_run1,36,00,32,51,60,00,1958,38,1271,04,0,058,582,5100,3,49
1,S01,8,4,0_run1,36,00,35,24,60,00,1957,41,1270,79,0,059,582,5100,0,76
1,S01,8,5,0_run1,36,00,33,46,60,00,1956,44,1270,54,0,060,582,5100,2,54
1,S01,8,6,0_run1,36,00,36,56,60,00,1954,51,1270,04,0,062,582,5100,0,56
1,S01,8,8,0_run1,36,00,38,34,60,00,1953,54,1269,79,0,063,582,5100,2,34
1,S01,8,9,0_run1,36,00,35,59,60,00,1952,57,1269,56,0,064,582,5100,0,41
1,S01,9,0,0_run1,36,00,36,28,60,00,1951,59,1269,32,0,065,582,5100,0,28
1,S01,9,1,0_run1,36,00,36,46,60,00,1949,65,1268,86,0,067,582,5100,0,46
1,S01,9,3,0_run1,36,00,33,39,60,00,1948,67,1268,65,0,068,582,5100,2,61
1,S01,9,4,0_run1,36,00,36,76,60,00,1947,69,1268,44,0,069,582,5100,0,76
1,S01,9,5,0_run1,36,00,38,56,60,00,1946,71,1268,24,0,070,582,5100,2,56
1,S01,9,6,0_run1,36,00,32,30,60,00,1944,75,1267,90,0,072,582,5100,3,70
1,S01,9,8,0_run1,36,00,37,58,60,00,1943,76,1267,72,0,073,582,5100,1,58
1,S01,9,9,0_run1,36,00,35,08,60,00,1942,77,1267,58,0,074,582,5100,0,92
1,S01,10,0,0_run1,36,00,33,32,60,00,1941,78,1267,44,0,075,582,5100,2,68
1,S01,10,1,0_run1,36,00,35,74,60,00,1939,80,1267,16,0,077,582,5100,0,26
1,S01,10,3,0_run1,36,00,37,45,60,00,1938,81,1267,03,0,078,582,5100,1,45
1,S01,10,4,0_run1,36,00,33,65,60,00,1937,82,1266,90,0,079,582,5100,2,35
1,S01,10,5,0_run1,36,00,35,49,60,00,1936,83,1266,77,0,080,582,5100,0,51
1,S01,10,6,0_run1,36,00,37,94,60,00,1934,83,1266,66,0,082,582,5100,1,94
1,S01,10,8,0_run1,36,00,37,58,60,00,1933,83,1266,63,0,083,582,5100,1,58
1,S01,10,9,0_run1,36,00,33,60,60,00,1932,83,1266,60,0,084,582,5100,2,40
1,S01,11,0,0_run1,36,00,35,82,60,00,1931,83,1266,57,0,085,582,5100,0,18
1,S01,11,1,0_run1,36,00,33,94,60,00,1929,84,1266,51,0,087,582,5100,2,06
1,S01,11,3,0_run1,36,00,35,50,60,00,1928,84,1266,48,0,088,582,5100,0,50
1,S01,11,4,0_run1,36,00,34,19,60,00,1927,84,1266,45,0,089,582,5100,1,81
1,S01,11,5,0_run1,36,00,36,26,60,00,1926,84,1266,42,0,090,582,5100,0,26
1,S01,11,6,0_run1,36,00,37,55,60,00,1924,84,1266,35,0,092,582,5100,1,55
1,S01,11,8,0_run1,36,00,39,47,60,00,1923,84,1266,32,0,093,582,5100,3,47
1,S01,11,9,0_run1,36,00,33,62,60,00,1922,84,1266,29,0,094,582,5100,2,38
1,S01,12,0,0_run1,36,00,40,36,60,00,1921,84,1266,26,0,095,582,5100,4,36
1,S01,12,1,0_run1,36,00,31,37,60,00,1919,84,1266,20,0,097,582,5100,4,63
1,S01,12,3,0_run1,36,00,37,23,60,00,1918,84,1266,17,0,098,582,5100,1,23
1,S01,12,4,0_run1,36,00,32,99,60,00,1917,84,1266,14,0,099,582,5100,3,01
1,S01,12,5,0_run1,36,00,36,34,60,00,1916,84,1266,11,0,100,582,5100,0,34
1,S01,12,6,0_run1,36,00,36,75,60,00,1914,84,1266,05,0,102,582,5100,0,75
1,S01,12,8,0_run1,36,00,37,87,60,00,1913,84,1266,01,0,103,582,5100,1,87
1,S01,12,9,0_run1,36,00,37,15,60,00,1912,84,1265,98,0,104,582,5100,1,15
1,S01,13,0,0_run1,36,00,33,51,60,00,1911,84,1265,95,0,105,582,5100,2,49
1,S01,13,1,0_run1,36,00,39,02,60,00,1909,84,1265,89,0,107,582,5100,3,02
1,S01,13,3,0_run1,36,00,36,50,60,00,1908,85,1265,86,0,108,582,5100,0,50
1,S01,13,4,0_run1,36,00,36,61,60,00,1907,85,1265,83,0,109,582,5100,0,61
1,S01,13,5,0_run1,36,00,36,36,60,00,1906,85,1265,80,0,110,582,5100,0,36
1,S01,13,6,0_run1,36,00,38,48,60,00,1904,85,1265,74,0,112,582,5100,2,48
1,S01,13,8,0_run1,36,00,36,30,60,00,1903,85,1265,71,0,113,582,5100,0,30
1,S01,13,9,0_run1,36,00,33,17,60,00,1902,85,1265,68,0,114,582,5100,2,83
1,S01,14,0,0_run1,36,00,34,76,60,00,1901,85,1265,64,0,115,582,5100,1,24
1,S01,14,1,0_run1,36,00,32,93,60,00,1899,85,1265,52,0,117,582,5100,3,07
1,S01,14,3,0_run1,36,00,34,50,60,00,1898,85,1265,46,0,118,582,5100,1,50
1,S01,14,4,0_run1,36,00,37,95,60,00,1897,86,1265,40,0,119,582,5100,1,95
1,S01,14,5,0_run1,36,00,34,07,60,00,1896,86,1265,33,0,120,582,5100,1,93
1,S01,14,6,0_run1,36,00,32,41,60,00,1894,86,1265,21,0,122,582,5100,3,59
1,S01,14,8,0_run1,36,00,35,32,60,00,1893,86,1265,15,0,123,582,5100,0,68
1,S01,14,9,0_run1,36,00,31,33,60,00,1892,87,1265,08,0,124,582,5100,4,67
1,S01,15,0,0_run1,36,00,34,33,60,00,1891,87,1265,02,0,125,582,5100,1,67
1,S01,15,1,0_run1,36,00,34,51,60,00,1889,87,1264,89,0,127,582,5100,1,49
1,S01,15,3,0_run1,36,00,33,74,60,00,1888,87,1264,83,0,128,582,5100,2,26
1,S01,15,4,0_run1,36,00,37,71,60,00,1887,88,1264,77,0,129,582,5100,1,71
1,S01,15,5,0_run1,36,00,34,88,60,00,1886,88,1264,71,0,130,582,5100,1,12
1,S01,15,6,0_run1,36,00,36,91,60,00,1884,88,1264,55,0,132,582,5100,0,91
1,S01,15,8,0_run1,36,00,34,54,60,00,1883,89,1264,45,0,133,582,5100,1,46
1,S01,15,9,0_run1,36,00,36,12,60,00,1882,89,1264,35,0,134,582,5100,0,12
1,S01,16,0,0_run1,36,00,37,89,60,00,1881,90,1264,26,0,135,582,5100,1,89
1,S01,16,1,0_run1,36,00,36,42,60,00,1879,91,1264,07,0,137,582,5100,0,42
1,S01,16,3,0_run1,36,00,36,80,60,00,1878,91,1263,97,0,138,582,5100,0,80
1,S01,16,4,0_run1,36,00,35,97,60,00,1877,92,1263,88,0,139,582,5100,0,03
1,S01,16,5,0_run1,36,00,37,86,60,00,1876,92,1263,78,0,140,582,5100,1,86
1,S01,16,6,0_run1,36,00,36,75,60,00,1874,93,1263,59,0,142,582,5100,0,75
1,S01,16,8,0_run1,36,00,34,14,60,00,1873,93,1263,50,0,143,582,5100,1,86
1,S01,16,9,0_run1,36,00,34,38,60,00,1872,94,1263,40,0,144,582,5100,1,62
1,S01,17,0,0_run1,36,00,33,71,60,00,1871,94,1263,31,0,145,582,5100,2,29
1,S01,17,1,0_run1,36,00,39,62,60,00,1869,95,1263,12,0,147,582,5100,3,62
1,S01,17,3,0_run1,36,00,36,26,60,00,1868,96,1263,02,0,148,582,5100,0,26
1,S01,17,4,0_run1,36,00,34,21,60,00,1867,96,1262,93,0,149,582,5100,1,79
1,S01,17,5,0_run1,36,00,35,72,60,00,1866,96,1262,83,0,150,582,5100,0,28
1,S01,17,6,0_run1,36,00,37,10,60,00,1864,97,1262,64,0,152,582,5100,1,10
1,S01,17,8,0_run1,36,00,36,53,60,00,1863,98,1262,54,0,153,582,5100,0,53
1,S01,17,9,0_run1,36,00,37,76,60,00,1862,98,1262,45,0,154,582,5100,1,76
1,S01,18,0,0_run1,36,00,35,92,60,00,1861,99,1262,35,0,155,582,5100,0,08
1,S01,18,1,0_run1,36,00,39,11,60,00,1860,00,1262,16,0,157,582,5100,3,11
1,S01,18,3,0_run1,36,00,34,66,60,00,1859,00,1262,07,0,158,582,5100,1,34
1,S01,18,4,0_run1,36,00,36,00,60,00,1858,01,1261,97,0,159,582,5100,0,00
1,S01,18,5,0_run1,36,00,35,57,60,00,1857,01,1261,88,0,160,582,5100,0,43
1,S01,18,6,0_run1,36,00,37,39,60,00,1855,02,1261,69,0,162,582,5100,1,39
1,S01,18,8,0_run1,36,00,35,74,60,00,1854,02,1261,59,0,163,582,5100,0,26
1,S01,18,9,0_run1,36,00,36,25,60,00,1853,03,1261,50,0,164,582,5100,0,25
1,S01,19,0,0_run1,36,00,35,59,60,00,1852,03,1261,40,0,165,582,5100,0,41
1,S01,19,1,0_run1,36,00,36,53,60,00,1850,04,1261,24,0,167,582,5100,0,53
1,S01,19,3,0_run1,36,00,38,60,60,00,1849,04,1261,16,0,168,582,5100,2,60
1,S01,19,4,0_run1,36,00,39,52,60,00,1848,04,1261,09,0,169,582,5100,3,52
1,S01,19,5,0_run1,36,00,34,93,60,00,1847,05,1261,01,0,170,582,5100,1,07
1,S01,19,6,0_run1,36,00,37,62,60,00,1845,05,1260,85,0,172,582,5100,1,62
1,S01,19,8,0_run1,36,00,35,72,60,00,1844,06,1260,78,0,173,582,5100,0,28
1,S01,19,9,0_run1,36,00,33,54,60,00,1843,06,1260,70,0,174,582,5100,2,46
1,S01,20,0,0_run1,36,00,35,27,60,00,1842,06,1260,62,0,175,582,5100,0,73
1,S01,20,1,0_run1,36,00,38,03,60,00,1840,07,1260,47,0,177,582,5100,2,03
1,S01,20,3,0_run1,36,00,36,15,60,00,1839,07,1260,39,0,178,582,5100,0,15
1,S01,20,4,0_run1,36,00,33,09,60,00,1838,07,1260,31,0,179,582,5100,2,91
1,S01,20,5,0_run1,36,00,34,80,60,00,1837,08,1260,23,0,180,582,5100,1,20
1,S01,20,6,0_run1,36,00,36,63,60,00,1835,08,1260,08,0,182,582,5100,0,63
1,S01,20,8,0_run1,36,00,38,88,60,00,1834,09,1260,00,0,183,582,5100,2,88
1,S01,20,9,0_run1,36,00,35,69,60,00,1833,09,1259,92,0,184,582,5100,0,31
1,S01,21,0,0_run1,36,00,36,32,60,00,1832,09,1259,85,0,185,582,5100,0,32
1,S01,21,1,0_run1,36,00,35,13,60,00,1830,10,1259,69,0,187,582,5100,0,87
1,S01,21,3,0_run1,36,00,33,43,60,00,1829,10,1259,72,0,188,582,5100,2,57
1,S01,21,4,0_run1,36,00,38,08,60,00,1828,10,1259,78,0,189,582,5100,2,08
1,S01,21,5,0_run1,36,00,34,70,60,00,1827,12,1259,91,0,190,582,5100,1,30
1,S01,21,6,0_run1,36,00,32,79,60,00,1825,46,1260,97,0,192,582,5100,3,21
1,S01,21,8,0_run1,36,00,36,46,60,00,1825,02,1261,87,0,193,582,5100,0,46
1,S01,21,9,0_run1,36,00,37,37,60,00,1824,68,1262,79,0,194,582,5100,1,37
1,S01,22,0,0_run1,36,00,37,81,60,00,1824,67,1263,79,0,195,582,5100,1,81
1,S01,22,1,0_run1,36,00,35,96,60,00,1824,75,1265,79,0,197,582,5100,0,04
1,S01,22,3,0_run1,36,00,39,18,60,00,1824,88,1266,78,0,198,582,5100,3,18
1,S01,22,4,0_run1,36,00,35,14,60,00,1825,02,1267,77,0,199,582,5100,0,86
1,S01,22,5,0_run1,36,00,35,42,60,00,1825,15,1268,76,0,200,582,5100,0,58
1,S01,22,6,0_run1,36,00,33,98,60,00,1825,43,1270,74,0,202,582,5100,2,02
1,S01,22,8,0_run1,36,00,34,34,60,00,1825,56,1271,73,0,203,582,5100,1,66
1,S01,22,9,0_run1,36,00,35,45,60,00,1825,70,1272,72,0,204,582,5100,0,55
1,S01,23,0,0_run1,36,00,38,50,60,00,1825,83,1273,71,0,205,582,5100,2,50
1,S01,23,1,0_run1,36,00,33,87,60,00,1826,10,1275,69,0,207,582,5100,2,13
1,S01,23,3,0_run1,36,00,32,25,60,00,1826,24,1276,68,0,208,582,5100,3,75
1,S01,23,4,0_run1,36,00,35,19,60,00,1826,37,1277,67,0,209,582,5100,0,81
1,S01,23,5,0_run1,36,00,41,60,60,00,1826,51,1278,67,0,210,582,5100,5,60
1,S01,23,6,0_run1,36,00,38,26,60,00,1826,78,1280,65,0,212,582,5100,2,26
1,S01,23,8,0_run1,36,00,34,15,60,00,1826,91,1281,64,0,213,582,5100,1,85
1,S01,23,9,0_run1,36,00,33,56,60,00,1827,05,1282,63,0,214,582,5100,2,44
1,S01,24,0,0_run1,36,00,38,24,60,00,1827,18,1283,62,0,215,582,5100,2,24
1,S01,24,1,0_run1,36,00,35,98,60,00,1827,46,1285,60,0,217,582,5100,0,02
1,S01,24,3,0_run1,36,00,32,66,60,00,1827,59,1286,59,0,218,582,5100,3,34
1,S01,24,4,0_run1,36,00,31,75,60,00,1827,73,1287,58,0,219,582,5100,4,25
1,S01,24,5,0_run1,36,00,35,45,60,00,1827,86,1288,57,0,220,582,5100,0,55
1,S01,24,6,0_run1,36,00,38,49,60,00,1828,13,1290,55,0,222,582,5100,2,49
1,S01,24,8,0_run1,36,00,33,63,60,00,1828,27,1291,55,0,223,582,5100,2,37
1,S01,24,9,0_run1,36,00,36,99,60,00,1828,40,1292,54,0,224,582,5100,0,99
1,S01,25,0,0_run1,36,00,37,82,60,00,1828,54,1293,53,0,225,582,5100,1,82
1,S01,25,1,0_run1,36,00,37,24,60,00,1828,81,1295,51,0,227,582,5100,1,24
1,S01,25,3,0_run1,36,00,37,82,60,00,1828,94,1296,50,0,228,582,5100,1,82
1,S01,25,4,0_run1,36,00,33,22,60,00,1829,08,1297,49,0,229,582,5100,2,78
1,S01,25,5,0_run1,36,00,35,31,60,00,1829,22,1298,48,0,230,582,5100,0,69
1,S01,25,6,0_run1,36,00,35,53,60,00,1829,49,1300,46,0,232,582,5100,0,47
1,S01,25,8,0_run1,36,00,34,28,60,00,1829,62,1301,45,0,233,582,5100,1,72
1,S01,25,9,0_run1,36,00,36,69,60,00,1829,76,1302,44,0,234,582,5100,0,69
1,S01,26,0,0_run1,36,00,35,03,60,00,1829,89,1303,43,0,235,582,5100,0,97
1,S01,26,1,0_run1,36,00,32,27,60,00,1830,16,1305,42,0,237,582,5100,3,73
1,S01,26,3,0_run1,36,00,36,11,60,00,1830,30,1306,41,0,238,582,5100,0,11
1,S01,26,4,0_run1,36,00,32,09,60,00,1830,43,1307,40,0,239,582,5100,3,91
1,S01,26,5,0_run1,36,00,38,02,60,00,1830,57,1308,39,0,240,582,5100,2,02
1,S01,26,6,0_run1,36,00,39,70,60,00,1830,84,1310,37,0,242,582,5100,3,70
1,S01,26,8,0_run1,36,00,36,38,60,00,1830,98,1311,36,0,243,582,5100,0,38
1,S01,26,9,0_run1,36,00,36,59,60,00,1831,11,1312,35,0,244,582,5100,0,59
1,S01,27,0,0_run1,36,00,37,73,60,00,1831,25,1313,34,0,245,582,5100,1,73
1,S01,27,1,0_run1,36,00,37,42,60,00,1831,52,1315,32,0,247,582,5100,1,42
1,S01,27,3,0_run1,36,00,36,55,60,00,1831,65,1316,31,0,248,582,5100,0,55
1,S01,27,4,0_run1,36,00,34,69,60,00,1831,79,1317,31,0,249,582,5100,1,31
1,S01,27,5,0_run1,36,00,37,71,60,00,1831,92,1318,30,0,250,582,5100,1,71
1,S01,27,6,0_run1,36,00,37,19,60,00,1832,19,1320,28,0,252,582,5100,1,19
1,S01,27,8,0_run1,36,00,37,12,60,00,1832,33,1321,27,0,253,582,5100,1,12
1,S01,27,9,0_run1,36,00,38,90,60,00,1832,46,1322,26,0,254,582,5100,2,90
1,S01,28,0,0_run1,36,00,37,06,60,00,1832,60,1323,25,0,255,582,5100,1,06
1,S01,28,1,0_run1,36,00,38,92,60,00,1832,87,1325,23,0,257,582,5100,2,92
1,S01,28,3,0_run1,36,00,33,98,60,00,1833,01,1326,22,0,258,582,5100,2,02
1,S01,28,4,0_run1,36,00,36,92,60,00,1833,14,1327,21,0,259,582,5100,0,92
1,S01,28,5,0_run1,36,00,34,85,60,00,1833,28,1328,20,0,260,582,5100,1,15
1,S01,28,6,0_run1,36,00,36,43,60,00,1833,55,1330,19,0,262,582,5100,0,43
1,S01,28,8,0_run1,36,00,33,67,60,00,1833,68,1331,18,0,263,582,5100,2,33
1,S01,28,9,0_run1,36,00,35,26,60,00,1833,82,1332,17,0,264,582,5100,0,74
1,S01,29,0,0_run1,36,00,31,21,60,00,1833,95,1333,16,0,265,582,5100,4,79
1,S01,29,1,0_run1,36,00,36,56,60,00,1834,22,1335,14,0,267,582,5100,0,56
1,S01,29,3,0_run1,36,00,35,07,60,00,1834,36,1336,13,0,268,582,5100,0,93
1,S01,29,4,0_run1,36,00,36,65,60,00,1834,49,1337,12,0,269,582,5100,0,65
1,S01,29,5,0_run1,36,00,37,08,60,00,1834,63,1338,11,0,270,582,5100,1,08
1,S01,29,6,0_run1,36,00,35,10,60,00,1834,90,1340,09,0,272,582,5100,0,90
1,S01,29,8,0_run1,36,00,35,72,60,00,1835,04,1341,08,0,273,582,5100,0,28
1,S01,29,9,0_run1,36,00,33,27,60,00,1835,17,1342,07,0,274,582,5100,2,73
1,S01,30,0,0_run1,36,00,33,75,60,00,1835,31,1343,07,0,275,582,5100,2,25
1,S01,30,1,0_run1,36,00,30,59,60,00,1835,58,1345,05,0,277,582,5100,5,41
1,S01,30,3,0_run1,36,00,34,55,60,00,1835,71,1346,04,0,278,582,5100,1,45
1,S01,30,4,0_run1,36,00,36,36,60,00,1835,85,1347,03,0,279,582,5100,0,36
1,S01,30,5,0_run1,36,00,37,97,60,00,1835,98,1348,02,0,280,582,5100,1,97
1,S01,30,6,0_run1,36,00,37,77,60,00,1836,25,1350,00,0,282,582,5100,1,77
1,S01,30,8,0_run1,36,00,34,32,60,00,1836,39,1350,99,0,283,582,5100,1,68
1,S01,30,9,0_run1,36,00,35,44,60,00,1836,53,1351,98,0,284,582,5100,0,56
1,S01,31,0,0_run1,36,00,35,49,60,00,1836,66,1352,97,0,285,582,5100,0,51
1,S01,31,1,0_run1,36,00,38,76,60,00,1836,93,1354,95,0,287,582,5100,2,76
1,S01,31,3,0_run1,36,00,34,55,60,00,1837,07,1355,95,0,288,582,5100,1,45
1,S01,31,4,0_run1,36,00,35,96,60,00,1837,20,1356,94,0,289,582,5100,0,04
1,S01,31,5,0_run1,36,00,37,29,60,00,1837,34,1357,93,0,290,582,5100,1,29
1,S01,31,6,0_run1,36,00,35,57,60,00,1837,61,1359,91,0,292,582,5100,0,43
1,S01,31,8,0_run1,36,00,36,11,60,00,1837,74,1360,90,0,293,582,5100,0,11
1,S01,31,9,0_run1,36,00,39,81,60,00,1837,88,1361,89,0,294,582,5100,3,81
1,S01,32,0,0_run1,36,00,31,18,60,00,1838,01,1362,88,0,295,582,5100,4,82
1,S01,32,1,0_run1,36,00,34,90,60,00,1838,29,1364,86,0,297,582,5100,1,10
1,S01,32,3,0_run1,36,00,33,80,60,00,1838,42,1365,85,0,298,582,5100,2,20
1,S01,32,4,0_run1,36,00,38,13,60,00,1838,56,1366,84,0,299,582,5100,2,13
1,S01,32,5,0_run1,36,00,37,30,60,00,1838,69,1367,83,0,300,582,5100,1,30
1,S01,32,6,0_run1,36,00,39,03,60,00,1838,96,1369,82,0,302,582,5100,3,03
1,S01,32,8,0_run1,36,00,36,98,60,00,1839,10,1370,81,0,303,582,5100,0,98
1,S01,32,9,0_run1,36,00,33,95,60,00,1839,23,1371,80,0,304,582,5100,2,05
1,S01,33,0,0_run1,36,00,35,74,60,00,1839,37,1372,79,0,305,582,5100,0,26
1,S01,33,1,0_run1,36,00,34,26,60,00,1839,64,1374,77,0,307,582,5100,1,74
1,S01,33,3,0_run1,36,00,35,50,60,00,1839,77,1375,76,0,308,582,5100,0,50
1,S01,33,4,0_run1,36,00,35,89,60,00,1839,90,1376,75,0,309,582,5100,0,11
1,S01,33,5,0_run1,36,00,34,90,60,00,1840,03,1377,74,0,310,582,5100,1,10
1,S01,33,6,0_run1,36,00,34,03,60,00,1840,29,1379,73,0,312,582,5100,1,97
1,S01,33,8,0_run1,36,00,37,42,60,00,1840,42,1380,72,0,313,582,5100,1,42
1,S01,33,9,0_run1,36,00,38,75,60,00,1840,55,1381,71,0,314,582,5100,2,75
1,S01,34,0,0_run1,36,00,37,09,60,00,1840,68,1382,70,0,315,582,5100,1,09
1,S01,34,1,0_run1,36,00,36,10,60,00,1840,94,1384,69,0,317,582,5100,0,10
1,S01,34,3,0_run1,36,00,37,04,60,00,1841,07,1385,68,0,318,582,5100,1,04
1,S01,34,4,0_run1,36,00,38,96,60,00,1841,20,1386,67,0,319,582,5100,2,96
1,S01,34,5,0_run1,36,00,33,78,60,00,1841,33,1387,66,0,320,582,5100,2,22
1,S01,34,6,0_run1,36,00,37,97,60,00,1841,58,1389,64,0,322,582,5100,1,97
1,S01,34,8,0_run1,36,00,36,24,60,00,1841,71,1390,64,0,323,582,5100,0,24
1,S01,34,9,0_run1,36,00,37,14,60,00,1841,83,1391,63,0,324,582,5100,1,14
1,S01,35,0,0_run1,36,00,37,95,60,00,1841,96,1392,62,0,325,582,5100,1,95
1,S01,35,1,0_run1,36,00,34,11,60,00,1842,20,1394,61,0,327,582,5100,1,89
1,S01,35,3,0_run1,36,00,36,46,60,00,1842,33,1395,60,0,328,582,5100,0,46
1,S01,35,4,0_run1,36,00,36,65,60,00,1842,45,1396,59,0,329,582,5100,0,65
1,S01,35,5,0_run1,36,00,34,22,60,00,1842,57,1397,58,0,330,582,5100,1,78
1,S01,35,6,0_run1,36,00,34,76,60,00,1842,82,1399,57,0,332,582,5100,1,24
1,S01,35,8,0_run1,36,00,31,35,60,00,1842,94,1400,56,0,333,582,5100,4,65
1,S01,35,9,0_run1,36,00,35,08,60,00,1843,07,1401,55,0,334,582,5100,0,92
1,S01,36,0,0_run1,36,00,38,65,60,00,1843,19,1402,55,0,335,582,5100,2,65
1,S01,36,1,0_run1,36,00,33,83,60,00,1843,44,1404,53,0,337,582,5100,2,17
1,S01,36,3,0_run1,36,00,34,89,60,00,1843,56,1405,52,0,338,582,5100,1,11
1,S01,36,4,0_run1,36,00,36,66,60,00,1843,68,1406,52,0,339,582,5100,0,66
1,S01,36,5,0_run1,36,00,35,58,60,00,1843,80,1407,51,0,340,582,5100,0,42
1,S01,36,6,0_run1,36,00,38,33,60,00,1844,05,1409,49,0,342,582,5100,2,33
1,S01,36,8,0_run1,36,00,33,14,60,00,1844,17,1410,49,0,343,582,5100,2,86
1,S01,36,9,0_run1,36,00,35,65,60,00,1844,30,1411,48,0,344,582,5100,0,35
1,S01,37,0,0_run1,36,00,38,54,60,00,1844,42,1412,47,0,345,582,5100,2,54
1,S01,37,1,0_run1,36,00,34,10,60,00,1844,67,1414,45,0,347,582,5100,1,90
1,S01,37,3,0_run1,36,00,33,39,60,00,1844,79,1415,45,0,348,582,5100,2,61
1,S01,37,4,0_run1,36,00,34,56,60,00,1844,91,1416,44,0,349,582,5100,1,44
1,S01,37,5,0_run1,36,00,34,03,60,00,1845,04,1417,43,0,350,582,5100,1,97
1,S01,37,6,0_run1,36,00,33,54,60,00,1845,28,1419,42,0,352,582,5100,2,46
1,S01,37,8,0_run1,36,00,35,30,60,00,1845,41,1420,41,0,353,582,5100,0,70
1,S01,37,9,0_run1,36,00,37,12,60,00,1845,53,1421,40,0,354,582,5100,1,12
1,S01,38,0,0_run1,36,00,36,16,60,00,1845,65,1422,39,0,355,582,5100,0,16
1,S01,38,1,0_run1,36,00,33,16,60,00,1845,78,1423,39,0,356,582,5100,2,84
1,S01,38,2,0_run1,36,00,37,96,60,00,1846,02,1425,37,0,358,582,5100,1,96
1,S01,38,4,0_run1,36,00,40,36,60,00,1846,15,1426,36,0,359,582,5100,4,36
1,S01,38,5,0_run1,36,00,38,48,60,00,1846,27,1427,36,0,360,582,5100,2,48
1,S01,38,6,0_run1,36,00,34,46,60,00,1846,52,1429,34,0,362,582,5100,1,54
1,S01,38,8,0_run1,36,00,37,08,60,00,1846,64,1430,33,0,363,582,5100,1,08
1,S01,38,9,0_run1,36,00,36,83,60,00,1846,76,1431,33,0,364,582,5100,0,83
1,S01,39,0,0_run1,36,00,32,35,60,00,1846,89,1432,32,0,365,582,5100,3,65
1,S01,39,1,0_run1,36,00,36,89,60,00,1847,13,1434,30,0,367,582,5100,0,89
1,S01,39,3,0_run1,36,00,38,01,60,00,1847,25,1435,30,0,368,582,5100,2,01
1,S01,39,4,0_run1,36,00,34,82,60,00,1847,38,1436,29,0,369,582,5100,1,18
1,S01,39,5,0_run1,36,00,35,43,60,00,1847,50,1437,28,0,370,582,5100,0,57
1,S01,39,6,0_run1,36,00,38,31,60,00,1847,75,1439,27,0,372,582,5100,2,31
1,S01,39,8,0_run1,36,00,37,58,60,00,1847,87,1440,26,0,373,582,5100,1,58
1,S01,39,9,0_run1,36,00,35,03,60,00,1847,99,1441,25,0,374,582,5100,0,97
1,S01,40,0,0_run1,36,00,36,71,60,00,1848,12,1442,24,0,375,582,5100,0,71
1,S01,40,1,0_run1,36,00,37,67,60,00,1848,36,1444,23,0,377,582,5100,1,67
1,S01,40,3,0_run1,36,00,35,62,60,00,1848,49,1445,22,0,378,582,5100,0,38
1,S01,40,4,0_run1,36,00,34,83,60,00,1848,61,1446,21,0,379,582,5100,1,17
1,S01,40,5,0_run1,36,00,35,42,60,00,1848,73,1447,20,0,380,582,5100,0,58
1,S01,40,6,0_run1,36,00,36,41,60,00,1848,98,1449,19,0,382,582,5100,0,41
1,S01,40,8,0_run1,36,00,33,81,60,00,1849,10,1450,18,0,383,582,5100,2,19
1,S01,40,9,0_run1,36,00,35,50,60,00,1849,23,1451,17,0,384,582,5100,0,50
1,S01,41,0,0_run1,36,00,33,79,60,00,1849,35,1452,17,0,385,582,5100,2,21
1,S01,41,1,0_run1,36,00,35,48,60,00,1849,60,1454,15,0,387,582,5100,0,52
1,S01,41,3,0_run1,36,00,34,82,60,00,1849,72,1455,14,0,388,582,5100,1,18
1,S01,41,4,0_run1,36,00,33,49,60,00,1849,84,1456,14,0,389,582,5100,2,51
1,S01,41,5,0_run1,36,00,36,41,60,00,1849,97,1457,13,0,390,582,5100,0,41
1,S01,41,6,0_run1,36,00,37,97,60,00,1850,21,1459,11,0,392,582,5100,1,97
1,S01,41,8,0_run1,36,00,37,93,60,00,1850,34,1460,11,0,393,582,5100,1,93
1,S01,41,9,0_run1,36,00,37,56,60,00,1850,46,1461,10,0,394,582,5100,1,56
1,S01,42,0,0_run1,36,00,36,98,60,00,1850,58,1462,09,0,395,582,5100,0,98
1,S01,42,1,0_run1,36,00,36,01,60,00,1850,83,1464,08,0,397,582,5100,0,01
1,S01,42,3,0_run1,36,00,33,21,60,00,1850,95,1465,07,0,398,582,5100,2,79
1,S01,42,4,0_run1,36,00,35,37,60,00,1851,07,1466,06,0,399,582,5100,0,63
1,S01,42,5,0_run1,36,00,34,67,60,00,1851,20,1467,05,0,400,582,5100,1,33
1,S01,42,6,0_run1,36,00,35,12,60,00,1851,44,1469,04,0,402,582,5100,0,88
1,S01,42,8,0_run1,36,00,34,92,60,00,1851,57,1470,03,0,403,582,5100,1,08
1,S01,42,9,0_run1,36,00,35,50,60,00,1851,69,1471,02,0,404,582,5100,0,50
1,S01,43,0,0_run1,36,00,36,12,60,00,1851,81,1472,02,0,405,582,5100,0,12
1,S01,43,1,0_run1,36,00,34,59,60,00,1852,06,1474,00,0,407,582,5100,1,41
1,S01,43,3,0_run1,36,00,38,77,60,00,1852,18,1474,99,0,408,582,5100,2,77
1,S01,43,4,0_run1,36,00,38,52,60,00,1852,31,1475,98,0,409,582,5100,2,52
1,S01,43,5,0_run1,36,00,35,76,60,00,1852,43,1476,98,0,410,582,5100,0,24
1,S01,43,6,0_run1,36,00,33,33,60,00,1852,68,1478,96,0,412,582,5100,2,67
1,S01,43,8,0_run1,36,00,39,01,60,00,1852,80,1479,95,0,413,582,5100,3,01
1,S01,43,9,0_run1,36,00,37,76,60,00,1852,92,1480,95,0,414,582,5100,1,76
1,S01,44,0,0_run1,36,00,34,13,60,00,1853,05,1481,94,0,415,582,5100,1,87
1,S01,44,1,0_run1,36,00,38,02,60,00,1853,29,1483,92,0,417,582,5100,2,02
1,S01,44,3,0_run1,36,00,35,93,60,00,1853,42,1484,92,0,418,582,5100,0,07
1,S01,44,4,0_run1,36,00,35,49,60,00,1853,54,1485,91,0,419,582,5100,0,51
1,S01,44,5,0_run1,36,00,34,99,60,00,1853,66,1486,90,0,420,582,5100,1,01
1,S01,44,6,0_run1,36,00,36,37,60,00,1853,91,1488,89,0,422,582,5100,0,37
1,S01,44,8,0_run1,36,00,33,98,60,00,1854,03,1489,88,0,423,582,5100,2,02
1,S01,44,9,0_run1,36,00,33,56,60,00,1854,15,1490,87,0,424,582,5100,2,44
1,S01,45,0,0_run1,36,00,37,46,60,00,1854,28,1491,86,0,425,582,5100,1,46
1,S01,45,1,0_run1,36,00,38,00,60,00,1854,52,1493,85,0,427,582,5100,2,00
1,S01,45,3,0_run1,36,00,35,70,60,00,1854,65,1494,84,0,428,582,5100,0,30
1,S01,45,4,0_run1,36,00,35,55,60,00,1854,77,1495,83,0,429,582,5100,0,45
1,S01,45,5,0_run1,36,00,31,45,60,00,1854,89,1496,83,0,430,582,5100,4,55
1,S01,45,6,0_run1,36,00,36,55,60,00,1855,14,1498,81,0,432,582,5100,0,55
1,S01,45,8,0_run1,36,00,35,34,60,00,1855,26,1499,80,0,433,582,5100,0,66
1,S01,45,9,0_run1,36,00,36,37,60,00,1855,39,1500,80,0,434,582,5100,0,37
1,S01,46,0,0_run1,36,00,37,19,60,00,1855,51,1501,79,0,435,582,5100,1,19
1,S01,46,1,0_run1,36,00,35,72,60,00,1855,76,1503,77,0,437,582,5100,0,28
1,S01,46,3,0_run1,36,00,35,98,60,00,1855,88,1504,76,0,438,582,5100,0,02
1,S01,46,4,0_run1,36,00,37,06,60,00,1856,00,1505,76,0,439,582,5100,1,06
1,S01,46,5,0_run1,36,00,35,73,60,00,1856,13,1506,75,0,440,582,5100,0,27
1,S01,46,6,0_run1,36,00,36,48,60,00,1856,37,1508,73,0,442,582,5100,0,48
1,S01,46,8,0_run1,36,00,35,31,60,00,1856,50,1509,73,0,443,582,5100,0,69
1,S01,46,9,0_run1,36,00,35,62,60,00,1856,62,1510,72,0,444,582,5100,0,38
1,S01,47,0,0_run1,36,00,38,74,60,00,1856,74,1511,71,0,445,582,5100,2,74
1,S01,47,1,0_run1,36,00,34,21,60,00,1856,99,1513,70,0,447,582,5100,1,79
1,S01,47,3,0_run1,36,00,36,10,60,00,1857,11,1514,69,0,448,582,5100,0,10
1,S01,47,4,0_run1,36,00,37,16,60,00,1857,24,1515,68,0,449,582,5100,1,16
1,S01,47,5,0_run1,36,00,34,69,60,00,1857,36,1516,67,0,450,582,5100,1,31
1,S01,47,6,0_run1,36,00,36,53,60,00,1857,60,1518,66,0,452,582,5100,0,53
1,S01,47,8,0_run1,36,00,36,75,60,00,1857,73,1519,65,0,453,582,5100,0,75
1,S01,47,9,0_run1,36,00,32,66,60,00,1857,85,1520,64,0,454,582,5100,3,34
1,S01,48,0,0_run1,36,00,33,74,60,00,1857,97,1521,64,0,455,582,5100,2,26
1,S01,48,1,0_run1,36,00,31,99,60,00,1858,22,1523,62,0,457,582,5100,4,01
1,S01,48,3,0_run1,36,00,33,74,60,00,1858,34,1524,61,0,458,582,5100,2,26
1,S01,48,4,0_run1,36,00,33,90,60,00,1858,47,1525,61,0,459,582,5100,2,10
1,S01,48,5,0_run1,36,00,35,64,60,00,1858,59,1526,60,0,460,582,5100,0,36
1,S01,48,6,0_run1,36,00,36,29,60,00,1858,70,1527,59,0,461,582,5100,0,29
1,S01,48,8,0_run1,36,00,35,33,60,00,1858,75,1529,59,0,463,582,5100,0,67
1,S01,48,9,0_run1,36,00,37,91,60,00,1858,77,1530,59,0,464,582,5100,1,91
1,S01,49,0,0_run1,36,00,32,54,60,00,1858,80,1531,59,0,465,582,5100,3,46
1,S01,49,1,0_run1,36,00,35,12,60,00,1858,37,1533,54,0,467,582,5100,0,88
1,S01,49,3,0_run1,36,00,34,26,60,00,1858,14,1534,51,0,468,582,5100,1,74
1,S01,49,4,0_run1,36,00,31,47,60,00,1857,86,1535,46,0,469,582,5100,4,53
1,S01,49,5,0_run1,36,00,37,72,60,00,1857,31,1536,30,0,470,582,5100,1,72
1,S01,49,6,0_run1,36,00,37,10,60,00,1856,22,1537,97,0,472,582,5100,1,10
1,S01,49,8,0_run1,36,00,35,47,60,00,1855,46,1538,62,0,473,582,5100,0,53
1,S01,49,9,0_run1,36,00,36,19,60,00,1854,66,1539,21,0,474,582,5100,0,19
1,S01,50,0,0_run1,36,00,35,83,60,00,1853,86,1539,81,0,475,582,5100,0,17
1,S01,50,1,0_run1,36,00,40,23,60,00,1852,13,1540,81,0,477,582,5100,4,23
1,S01,50,3,0_run1,36,00,36,45,60,00,1851,24,1541,27,0,478,582,5100,0,45
1,S01,50,4,0_run1,36,00,33,54,60,00,1850,35,1541,72,0,479,582,5100,2,46
1,S01,50,5,0_run1,36,00,36,09,60,00,1849,46,1542,18,0,480,582,5100,0,09
1,S01,50,6,0_run1,36,00,35,81,60,00,1847,68,1543,09,0,482,582,5100,0,19
1,S01,50,8,0_run1,36,00,33,56,60,00,1846,79,1543,55,0,483,582,5100,2,44
1,S01,50,9,0_run1,36,00,36,08,60,00,1845,90,1544,00,0,484,582,5100,0,08
1,S01,51,0,0_run1,36,00,36,00,60,00,1845,01,1544,46,0,485,582,5100,0,00
1,S01,51,1,0_run1,36,00,36,46,60,00,1843,23,1545,37,0,487,582,5100,0,46
1,S01,51,3,0_run1,36,00,30,81,60,00,1842,34,1545,83,0,488,582,5100,5,19
1,S01,51,4,0_run1,36,00,34,90,60,00,1841,45,1546,28,0,489,582,5100,1,10
1,S01,51,5,0_run1,36,00,35,98,60,00,1840,56,1546,74,0,490,582,5100,0,02
1,S01,51,6,0_run1,36,00,34,44,60,00,1838,78,1547,65,0,492,582,5100,1,56
1,S01,51,8,0_run1,36,00,30,73,60,00,1837,89,1548,11,0,493,582,5100,5,27
1,S01,51,9,0_run1,36,00,36,27,60,00,1837,00,1548,56,0,494,582,5100,0,27
1,S01,52,0,0_run1,36,00,32,19,60,00,1836,11,1549,02,0,495,582,5100,3,81
1,S01,52,1,0_run1,36,00,38,55,60,00,1834,33,1549,93,0,497,582,5100,2,55
1,S01,52,3,0_run1,36,00,33,90,60,00,1833,44,1550,39,0,498,582,5100,2,10
1,S01,52,4,0_run1,36,00,43,81,60,00,1832,55,1550,84,0,499,582,5100,7,81
1,S01,52,5,0_run1,36,00,36,81,60,00,1831,66,1551,30,0,500,582,5100,0,81
